close_time,prediction_hit,future_return_3d,price_direction_3d,model_prediction_3d
2023-01-21 23:59:59.999000,False,0.010907288051561714,1,
2023-01-22 23:59:59.999000,False,0.041458541458541553,1,
2023-01-23 23:59:59.999000,False,-0.033538025507794056,0,
2023-01-24 23:59:59.999000,False,0.012260912211868646,1,
2023-01-25 23:59:59.999000,False,-0.022062350119904095,0,
2023-01-26 23:59:59.999000,False,0.01026392961876832,1,
2023-01-27 23:59:59.999000,False,-0.046996124031007724,0,
2023-01-28 23:59:59.999000,False,-0.005149583128984725,0,
2023-01-29 23:59:59.999000,False,-0.0007256894049345597,0,
2023-01-30 23:59:59.999000,False,0.04168784951703097,1,
2023-01-31 23:59:59.999000,False,0.014789253142716285,1,
2023-02-01 23:59:59.999000,False,-0.006051803437424397,0,
2023-02-02 23:59:59.999000,False,-0.027818448023426146,0,
2023-02-03 23:59:59.999000,False,-0.047850376487733826,0,
2023-02-04 23:59:59.999000,False,-0.017048222113979605,0,
2023-02-05 23:59:59.999000,False,-0.0022590361445782303,0,
2023-02-06 23:59:59.999000,False,-0.025765306122448983,0,
2023-02-07 23:59:59.999000,False,-0.05426164519326071,0,
2023-02-08 23:59:59.999000,False,-0.0357232704402517,0,
2023-02-09 23:59:59.999000,False,-0.01885310290652009,0,
2023-02-10 23:59:59.999000,False,-0.029866387215090273,0,
2023-02-11 23:59:59.999000,False,-0.003652491521001666,0,
2023-02-12 23:59:59.999000,False,0.07045636509207376,1,
2023-02-13 23:59:59.999000,False,0.03726708074534146,1,
2023-02-14 23:59:59.999000,False,0.03430217334380736,1,
2023-02-15 23:59:59.999000,False,-0.01695337820992282,0,
2023-02-16 23:59:59.999000,False,0.0057276750846133595,1,
2023-02-17 23:59:59.999000,False,0.008607594936708818,1,
2023-02-18 23:59:59.999000,False,-0.006086735987826386,0,
2023-02-19 23:59:59.999000,False,0.023297954957287148,1,
2023-02-20 23:59:59.999000,False,-0.025602409638554202,0,
2023-02-21 23:59:59.999000,False,-0.03470273028833881,0,
2023-02-22 23:59:59.999000,False,-0.04427017455097382,0,
2023-02-23 23:59:59.999000,False,-0.026532715095311632,0,
2023-02-24 23:59:59.999000,False,0.0005286809410520732,1,
2023-02-25 23:59:59.999000,False,-0.004235044997353166,0,
2023-02-26 23:59:59.999000,False,0.014818735115109893,1,
2023-02-27 23:59:59.999000,False,-0.003434610303830965,0,
2023-02-28 23:59:59.999000,False,0.0031897926634769647,1,
2023-03-01 23:59:59.999000,False,-0.026075619295958252,0,
2023-03-02 23:59:59.999000,False,-0.02757158006362659,0,
2023-03-03 23:59:59.999000,False,-0.020932697403285738,0,
2023-03-04 23:59:59.999000,False,0.017670682730923648,1,
2023-03-05 23:59:59.999000,False,0.06025081788440567,1,
2023-03-06 23:59:59.999000,False,0.00297699594045997,1,
2023-03-07 23:59:59.999000,False,-0.026571954748750293,0,
2023-03-08 23:59:59.999000,False,-0.06454101311391103,0,
2023-03-09 23:59:59.999000,False,0.0021586616297895045,1,
2023-03-10 23:59:59.999000,False,0.00648648648648642,1,
2023-03-11 23:59:59.999000,False,0.023639362286970833,1,
2023-03-12 23:59:59.999000,False,-0.03365643511039318,0,
2023-03-13 23:59:59.999000,False,-0.020676691729323293,0,
2023-03-14 23:59:59.999000,False,0.01987110633727185,1,
2023-03-15 23:59:59.999000,False,0.041794371691278975,1,
2023-03-16 23:59:59.999000,False,0.05758157389635299,1,
2023-03-17 23:59:59.999000,False,-0.01685097419694581,0,
2023-03-18 23:59:59.999000,False,0.25595078898101087,1,
2023-03-19 23:59:59.999000,False,0.09229971480425214,1,
2023-03-20 23:59:59.999000,False,0.1885377611140866,1,
2023-03-21 23:59:59.999000,False,-0.09305792163543447,0,
2023-03-22 23:59:59.999000,False,0.05126987894611923,1,
2023-03-23 23:59:59.999000,False,0.009238395673726973,1,
2023-03-24 23:59:59.999000,False,0.12467715426156367,1,
2023-03-25 23:59:59.999000,False,0.16143599006547737,1,
2023-03-26 23:59:59.999000,False,0.21120785889707516,1,
2023-03-27 23:59:59.999000,False,0.11043841336116933,1,
2023-03-28 23:59:59.999000,False,0.04471228615863154,1,
2023-03-29 23:59:59.999000,False,-0.060829493087557696,0,
2023-03-30 23:59:59.999000,False,-0.02613273171648811,0,
2023-03-31 23:59:59.999000,False,-0.07722366951991066,0,
2023-04-01 23:59:59.999000,False,-0.013542688910696543,0,
2023-04-02 23:59:59.999000,False,-0.02413127413127425,0,
2023-04-03 23:59:59.999000,False,0.01391409558378709,1,
2023-04-04 23:59:59.999000,False,0.019896538002387443,1,
2023-04-05 23:59:59.999000,False,-0.0013847675568742224,0,
2023-04-06 23:59:59.999000,False,0.0051710421638822,1,
2023-04-07 23:59:59.999000,False,0.009754194303550623,1,
2023-04-08 23:59:59.999000,False,0.023573692551505543,1,
2023-04-09 23:59:59.999000,False,-0.0009893153937474697,0,
2023-04-10 23:59:59.999000,False,-0.00985316846986084,0,
2023-04-11 23:59:59.999000,False,0.01161215405457705,1,
2023-04-12 23:59:59.999000,False,0.028322440087146017,1,
2023-04-13 23:59:59.999000,False,0.01639024390243926,1,
2023-04-14 23:59:59.999000,False,-0.022575090874306536,0,
2023-04-15 23:59:59.999000,False,0.025423728813559254,1,
2023-04-16 23:59:59.999000,False,-0.05720867728930701,0,
2023-04-17 23:59:59.999000,False,-0.06987668819729886,0,
2023-04-18 23:59:59.999000,False,-0.15646130728775354,0,
2023-04-19 23:59:59.999000,False,-0.039095907147220554,0,
2023-04-20 23:59:59.999000,False,-0.02209595959595967,0,
2023-04-21 23:59:59.999000,False,0.026720106880427474,1,
2023-04-22 23:59:59.999000,False,-0.005085823267641509,0,
2023-04-23 23:59:59.999000,False,-0.0062405853238648445,0,
2023-04-24 23:59:59.999000,False,0.012144870960746124,1,
2023-04-25 23:59:59.999000,False,0.021512247071352686,1,
2023-04-26 23:59:59.999000,False,0.03508012126461679,1,
2023-04-27 23:59:59.999000,False,0.008142275551746181,1,
2023-04-28 23:59:59.999000,False,-0.0306505421184321,0,
2023-04-29 23:59:59.999000,False,-0.028242677824267703,0,
2023-04-30 23:59:59.999000,False,-0.015515409139213565,0,
2023-05-01 23:59:59.999000,False,-0.00881910088191007,0,
2023-05-02 23:59:59.999000,False,0.005597416576964553,1,
2023-05-03 23:59:59.999000,False,-0.010794473229706392,0,
2023-05-04 23:59:59.999000,False,-0.02560763888888884,0,
2023-05-05 23:59:59.999000,False,-0.0830657246842218,0,
2023-05-06 23:59:59.999000,False,-0.063945875163684,0,
2023-05-07 23:59:59.999000,False,-0.0416481069042316,0,
2023-05-08 23:59:59.999000,False,-0.017744571561989275,0,
2023-05-09 23:59:59.999000,False,0.0037304733038003857,1,
2023-05-10 23:59:59.999000,False,-0.014640948175691393,0,
2023-05-11 23:59:59.999000,False,0.010934157356786267,1,
2023-05-12 23:59:59.999000,False,-0.007433217189314667,0,
2023-05-13 23:59:59.999000,False,0.04363207547169812,1,
2023-05-14 23:59:59.999000,False,0.05431460145779443,1,
2023-05-15 23:59:59.999000,False,0.07559091972852805,1,
2023-05-16 23:59:59.999000,False,0.05649717514124308,1,
2023-05-17 23:59:59.999000,False,0.04482604817127567,1,
2023-05-18 23:59:59.999000,False,-0.004569190600522188,0,
2023-05-19 23:59:59.999000,False,-0.012192513368984081,0,
2023-05-20 23:59:59.999000,False,-0.007257203842049087,0,
2023-05-21 23:59:59.999000,False,-0.00983606557377048,0,
2023-05-22 23:59:59.999000,False,-0.017323516673884765,0,
2023-05-23 23:59:59.999000,False,0.007095248333691684,1,
2023-05-24 23:59:59.999000,False,0.040618101545253804,1,
2023-05-25 23:59:59.999000,False,0.062141912736888516,1,
2023-05-26 23:59:59.999000,False,0.05593509820666087,1,
2023-05-27 23:59:59.999000,False,0.10415782774713622,1,
2023-05-28 23:59:59.999000,False,0.0717842323651452,1,
2023-05-29 23:59:59.999000,False,0.024059846340477087,1,
2023-05-30 23:59:59.999000,False,0.007492795389049123,1,
2023-05-31 23:59:59.999000,False,0.004258614014711837,1,
2023-06-01 23:59:59.999000,False,0.058045409674235104,1,
2023-06-02 23:59:59.999000,False,-0.029366895499618573,0,
2023-06-03 23:59:59.999000,False,0.021588280647648395,1,
2023-06-04 23:59:59.999000,False,-0.032841948124650244,0,
2023-06-05 23:59:59.999000,False,0.028683693516699416,1,
2023-06-06 23:59:59.999000,False,0.015094339622641506,1,
2023-06-07 23:59:59.999000,False,-0.02238086050549859,0,
2023-06-08 23:59:59.999000,False,-0.0053475935828875,0,
2023-06-09 23:59:59.999000,False,-0.023977695167286317,0,
2023-06-10 23:59:59.999000,False,0.02466942964278651,1,
2023-06-11 23:59:59.999000,False,-0.07814900153609838,0,
2023-06-12 23:59:59.999000,False,-0.08569796229289661,0,
2023-06-13 23:59:59.999000,False,-0.08339753466872113,0,
2023-06-14 23:59:59.999000,False,-0.001458029577171449,0,
2023-06-15 23:59:59.999000,False,0.013955425952926426,1,
2023-06-16 23:59:59.999000,False,0.03719268753939908,1,
2023-06-17 23:59:59.999000,False,0.02816020025031296,1,
2023-06-18 23:59:59.999000,False,0.02691043549712413,1,
2023-06-19 23:59:59.999000,False,0.0004051863857374993,1,
2023-06-20 23:59:59.999000,False,0.0064921890850071495,1,
2023-06-21 23:59:59.999000,False,-0.02680536107221454,0,
2023-06-22 23:59:59.999000,False,-0.007087889833940819,0,
2023-06-23 23:59:59.999000,False,-0.03446885708526504,0,
2023-06-24 23:59:59.999000,False,-0.00554984583761553,0,
2023-06-25 23:59:59.999000,False,-0.05221293085865797,0,
2023-06-26 23:59:59.999000,False,-0.008977035490605356,0,
2023-06-27 23:59:59.999000,False,-0.022529971062422494,0,
2023-06-28 23:59:59.999000,False,0.018291370776845284,1,
2023-06-29 23:59:59.999000,False,0.02064461765325465,1,
2023-06-30 23:59:59.999000,False,0.034045252696130346,1,
2023-07-01 23:59:59.999000,False,0.029585798816567976,1,
2023-07-02 23:59:59.999000,False,-0.014035087719298178,0,
2023-07-03 23:59:59.999000,False,-0.05480572597137012,0,
2023-07-04 23:59:59.999000,False,-0.037972085385878485,0,
2023-07-05 23:59:59.999000,False,-0.015281557462842876,0,
2023-07-06 23:59:59.999000,False,0.012548680225010767,1,
2023-07-07 23:59:59.999000,False,0.019842116492425843,1,
2023-07-08 23:59:59.999000,False,0.01041666666666674,1,
2023-07-09 23:59:59.999000,False,0.0064102564102563875,1,
2023-07-10 23:59:59.999000,False,0.7056485355648536,1,
2023-07-11 23:59:59.999000,False,0.5104144750683779,1,
2023-07-12 23:59:59.999000,False,0.5169851380042465,1,
2023-07-13 23:59:59.999000,False,-0.08401815282718017,0,
2023-07-14 23:59:59.999000,False,0.02716255745925622,1,
2023-07-15 23:59:59.999000,False,0.08873337998600417,1,
2023-07-16 23:59:59.999000,False,0.0978843063738617,1,
2023-07-17 23:59:59.999000,False,0.0770273935448873,1,
2023-07-18 23:59:59.999000,False,-0.008484381025838816,0,
2023-07-19 23:59:59.999000,False,-0.10586656909379188,0,
2023-07-20 23:59:59.999000,False,-0.07025938050868807,0,
2023-07-21 23:59:59.999000,False,-0.08971865681317259,0,
2023-07-22 23:59:59.999000,False,-0.03301050334197242,0,
2023-07-23 23:59:59.999000,False,-0.030200433369447444,0,
2023-07-24 23:59:59.999000,False,0.01680672268907557,1,
2023-07-25 23:59:59.999000,False,0.004372972210466841,1,
2023-07-26 23:59:59.999000,False,-0.00558581203742492,0,
2023-07-27 23:59:59.999000,False,-0.013027034598683263,0,
2023-07-28 23:59:59.999000,False,-0.020224719101123556,0,
2023-07-29 23:59:59.999000,False,-0.007302345176239289,0,
2023-07-30 23:59:59.999000,False,-0.027817201248935497,0,
2023-07-31 23:59:59.999000,False,-0.04959862385321101,0,
2023-08-01 23:59:59.999000,False,-0.1008629226198895,0,
2023-08-02 23:59:59.999000,False,-0.08204379562043795,0,
2023-08-03 23:59:59.999000,False,-0.05882352941176472,0,
2023-08-04 23:59:59.999000,False,-0.018879798615481502,0,
2023-08-05 23:59:59.999000,False,0.020674300254452938,1,
2023-08-06 23:59:59.999000,False,0.03092948717948718,1,
2023-08-07 23:59:59.999000,False,0.015234124438742613,1,
2023-08-08 23:59:59.999000,False,-0.015581177937052049,0,
2023-08-09 23:59:59.999000,False,-0.024405409606715223,0,
2023-08-10 23:59:59.999000,False,-0.011846469752013866,0,
2023-08-11 23:59:59.999000,False,0.0039569484013928236,1,
2023-08-12 23:59:59.999000,False,-0.027405991077119163,0,
2023-08-13 23:59:59.999000,False,-0.05866368286445023,0,
2023-08-14 23:59:59.999000,False,-0.2016396027116507,0,
2023-08-15 23:59:59.999000,False,-0.17070773263433825,0,
2023-08-16 23:59:59.999000,False,-0.11716760061130915,0,
2023-08-17 23:59:59.999000,False,0.06319115323854674,1,
2023-08-18 23:59:59.999000,False,0.03615171868826539,1,
2023-08-19 23:59:59.999000,False,0.0021157914983651605,1,
2023-08-20 23:59:59.999000,False,-0.015416047548291179,0,
2023-08-21 23:59:59.999000,False,-0.011058150619637552,0,
2023-08-22 23:59:59.999000,False,0.009213051823416585,1,
2023-08-23 23:59:59.999000,False,-0.013205055649877395,0,
2023-08-24 23:59:59.999000,False,0.009446693657219729,1,
2023-08-25 23:59:59.999000,False,-0.004944845949030108,0,
2023-08-26 23:59:59.999000,False,0.03192506212961188,1,
2023-08-27 23:59:59.999000,False,0.009167303284950412,1,
2023-08-28 23:59:59.999000,False,-0.02331804281345562,0,
2023-08-29 23:59:59.999000,False,-0.07743608743979247,0,
2023-08-30 23:59:59.999000,False,-0.0560181680545041,0,
2023-08-31 23:59:59.999000,False,-0.012328767123287565,0,
2023-09-01 23:59:59.999000,False,0.02148594377510049,1,
2023-09-02 23:59:59.999000,False,0.013632718524458687,1,
2023-09-03 23:59:59.999000,False,-0.002773925104022301,0,
2023-09-04 23:59:59.999000,False,-0.007273442107332495,0,
2023-09-05 23:59:59.999000,False,-0.0011867088607595555,0,
2023-09-06 23:59:59.999000,False,0.0009934432743892163,1,
2023-09-07 23:59:59.999000,False,-0.016039603960396054,0,
2023-09-08 23:59:59.999000,False,-0.06059405940594065,0,
2023-09-09 23:59:59.999000,False,-0.046447002778880586,0,
2023-09-10 23:59:59.999000,False,-0.027570939826926932,0,
2023-09-11 23:59:59.999000,False,0.031197301854974713,1,
2023-09-12 23:59:59.999000,False,0.04184013322231461,1,
2023-09-13 23:59:59.999000,False,0.0343543046357615,1,
2023-09-14 23:59:59.999000,False,0.006745707277187263,1,
2023-09-15 23:59:59.999000,False,0.004995004995005159,1,
2023-09-16 23:59:59.999000,False,0.028411364545818385,1,
2023-09-17 23:59:59.999000,False,0.05827411167512686,1,
2023-09-18 23:59:59.999000,False,0.008151093439363821,1,
2023-09-19 23:59:59.999000,False,-0.0035019455252919274,0,
2023-09-20 23:59:59.999000,False,-0.02609363008442045,0,
2023-09-21 23:59:59.999000,False,-0.009859988168014255,0,
2023-09-22 23:59:59.999000,False,-0.012885591565794496,0,
2023-09-23 23:59:59.999000,False,-0.011229314420803882,0,
2023-09-24 23:59:59.999000,False,-0.0055765783708423555,0,
2023-09-25 23:59:59.999000,False,0.008306962025316444,1,
2023-09-26 23:59:59.999000,False,0.03905160390516027,1,
2023-09-27 23:59:59.999000,False,0.03124374123773288,1,
2023-09-28 23:59:59.999000,False,0.028050215770890397,1,
2023-09-29 23:59:59.999000,False,-0.017641418983700863,0,
2023-09-30 23:59:59.999000,False,0.046805204894154295,1,
2023-10-01 23:59:59.999000,False,0.01621827895439787,1,
2023-10-02 23:59:59.999000,False,0.02030060511419096,1,
2023-10-03 23:59:59.999000,False,-0.02504638218923949,0,
2023-10-04 23:59:59.999000,False,-0.020653398422831426,0,
2023-10-05 23:59:59.999000,False,-0.010139659460493777,0,
2023-10-06 23:59:59.999000,False,-0.0433872502378686,0,
2023-10-07 23:59:59.999000,False,-0.04812116564417168,0,
2023-10-08 23:59:59.999000,False,-0.055276381909547645,0,
2023-10-09 23:59:59.999000,False,-0.039188382733240545,0,
2023-10-10 23:59:59.999000,False,-0.02296072507552871,0,
2023-10-11 23:59:59.999000,False,-0.004705400981996788,0,
2023-10-12 23:59:59.999000,False,0.009109730848861242,1,
2023-10-13 23:59:59.999000,False,0.026180169037312018,1,
2023-10-14 23:59:59.999000,False,0.00966084275436807,1,
2023-10-15 23:59:59.999000,False,0.0008206811653672652,1,
2023-10-16 23:59:59.999000,False,0.04399357171554841,1,
2023-10-17 23:59:59.999000,False,0.04824918566775249,1,
2023-10-18 23:59:59.999000,False,0.06765067650676504,1,
2023-10-19 23:59:59.999000,False,0.005580142389840059,1,
2023-10-20 23:59:59.999000,False,0.06331326471159437,1,
2023-10-21 23:59:59.999000,False,0.07296466973886306,1,
2023-10-22 23:59:59.999000,False,0.06238040566398784,1,
2023-10-23 23:59:59.999000,False,0.01059360730593606,1,
2023-10-24 23:59:59.999000,False,-0.028274874731567534,0,
2023-10-25 23:59:59.999000,False,-0.019092219020172996,0,
2023-10-26 23:59:59.999000,False,0.005060545816013118,1,
2023-10-27 23:59:59.999000,False,0.0644567219152854,1,
2023-10-28 23:59:59.999000,False,0.10099155343371291,1,
2023-10-29 23:59:59.999000,False,0.09422765689624168,1,
2023-10-30 23:59:59.999000,False,0.04740484429065761,1,
2023-10-31 23:59:59.999000,False,0.020847231487658435,1,
2023-11-01 23:59:59.999000,False,0.010517666392769076,1,
2023-11-02 23:59:59.999000,False,0.09134456557647819,1,
2023-11-03 23:59:59.999000,False,0.16778304198660354,1,
2023-11-04 23:59:59.999000,False,0.11400227679297448,1,
2023-11-05 23:59:59.999000,False,0.03965491145754507,1,
2023-11-06 23:59:59.999000,False,-0.06757134862898717,0,
2023-11-07 23:59:59.999000,False,-0.03722627737226292,0,
2023-11-08 23:59:59.999000,False,-0.03537632843208616,0,
2023-11-09 23:59:59.999000,False,-0.007801950487621889,0,
2023-11-10 23:59:59.999000,False,0.016224412433661906,1,
2023-11-11 23:59:59.999000,False,-0.04980380319951694,0,
2023-11-12 23:59:59.999000,False,-0.0199606835021926,0,
2023-11-13 23:59:59.999000,False,-0.0869889585198449,0,
2023-11-14 23:59:59.999000,False,-0.02588945362134698,0,
2023-11-15 23:59:59.999000,False,-0.05786144113562719,0,
2023-11-16 23:59:59.999000,False,0.022716130086615438,1,
2023-11-17 23:59:59.999000,False,-0.0017935757378118034,0,
2023-11-18 23:59:59.999000,False,-0.05207992138879802,0,
2023-11-19 23:59:59.999000,False,-0.023809523809523836,0,
2023-11-20 23:59:59.999000,False,0.014211042143090546,1,
2023-11-21 23:59:59.999000,False,0.07325501036627502,1,
2023-11-22 23:59:59.999000,False,0.01947945653953198,1,
2023-11-23 23:59:59.999000,False,-0.008374939603800868,0,
2023-11-24 23:59:59.999000,False,-0.027849323889246547,0,
2023-11-25 23:59:59.999000,False,-0.019428387925497725,0,
2023-11-26 23:59:59.999000,False,-0.010719506253045408,0,
2023-11-27 23:59:59.999000,False,0.003974167908594062,1,
2023-11-28 23:59:59.999000,False,0.0029474373669560183,1,
2023-11-29 23:59:59.999000,False,0.019208668527335382,1,
2023-11-30 23:59:59.999000,False,0.027379185221837465,1,
2023-12-01 23:59:59.999000,False,0.01959183673469389,1,
2023-12-02 23:59:59.999000,False,0.0003221649484534961,1,
2023-12-03 23:59:59.999000,False,0.027452239524803357,1,
2023-12-04 23:59:59.999000,False,0.029943955164131175,1,
2023-12-05 23:59:59.999000,False,0.08228663446054751,1,
2023-12-06 23:59:59.999000,False,0.028750000000000053,1,
2023-12-07 23:59:59.999000,False,0.02876243781094523,1,
2023-12-08 23:59:59.999000,False,-0.07945246243118587,0,
2023-12-09 23:59:59.999000,False,-0.0595382746051033,0,
2023-12-10 23:59:59.999000,False,-0.05168505364969023,0,
2023-12-11 23:59:59.999000,False,0.020850169710683764,1,
2023-12-12 23:59:59.999000,False,-0.005813953488371992,0,
2023-12-13 23:59:59.999000,False,-0.01147410358565737,0,
2023-12-14 23:59:59.999000,False,-0.0337238758708045,0,
2023-12-15 23:59:59.999000,False,-0.005035737491877801,0,
2023-12-16 23:59:59.999000,False,-0.025149121392874285,0,
2023-12-17 23:59:59.999000,False,0.011142061281337101,1,
2023-12-18 23:59:59.999000,False,0.018938775510203953,1,
2023-12-19 23:59:59.999000,False,0.03257813791962949,1,
2023-12-20 23:59:59.999000,False,0.00388915896937303,1,
2023-12-21 23:59:59.999000,False,-0.01922768787053364,0,
2023-12-22 23:59:59.999000,False,0.0349135169762973,1,
2023-12-23 23:59:59.999000,False,0.0038740920096851372,1,
2023-12-24 23:59:59.999000,False,0.0357784675706585,1,
2023-12-25 23:59:59.999000,False,-0.017951098731042947,0,
2023-12-26 23:59:59.999000,False,0.0017687731146487362,1,
2023-12-27 23:59:59.999000,False,-0.020977917981072514,0,
2023-12-28 23:59:59.999000,False,-0.029940119760479056,0,
2023-12-29 23:59:59.999000,False,0.010272873194221432,1,
2023-12-30 23:59:59.999000,False,0.006283228612856462,1,
2023-12-31 23:59:59.999000,False,-0.05409356725146197,0,
2024-01-01 23:59:59.999000,False,-0.0676835081029552,0,
2024-01-02 23:59:59.999000,False,-0.0782901056676274,0,
2024-01-03 23:59:59.999000,False,-0.024729520865533372,0,
2024-01-04 23:59:59.999000,False,-0.060156782549420584,0,
2024-01-05 23:59:59.999000,False,0.0033003300330032292,1,
2024-01-06 23:59:59.999000,False,-0.0017608733932030773,0,
2024-01-07 23:59:59.999000,False,0.08939256572982779,1,
2024-01-08 23:59:59.999000,False,0.04207063711911352,1,
2024-01-09 23:59:59.999000,False,0.0052919386135121815,1,
2024-01-10 23:59:59.999000,False,-0.04344207723035953,0,
2024-01-11 23:59:59.999000,False,-0.04253198205681996,0,
2024-01-12 23:59:59.999000,False,0.010177224074399138,1,
2024-01-13 23:59:59.999000,False,0.0017400382808421266,1,
2024-01-14 23:59:59.999000,False,-0.013534617386777748,0,
2024-01-15 23:59:59.999000,False,-0.041167274622198935,0,
2024-01-16 23:59:59.999000,False,-0.0545422963348966,0,
2024-01-17 23:59:59.999000,False,-0.02656112576956904,0,
2024-01-18 23:59:59.999000,False,-0.010144927536231974,0,
2024-01-19 23:59:59.999000,False,-0.03086533161859273,0,
2024-01-20 23:59:59.999000,False,-0.06342609324177817,0,
2024-01-21 23:59:59.999000,False,-0.051793557833089254,0,
2024-01-22 23:59:59.999000,False,-0.0259715639810425,0,
2024-01-23 23:59:59.999000,False,0.027011383368705344,1,
2024-01-24 23:59:59.999000,False,0.02354757768770499,1,
2024-01-25 23:59:59.999000,False,0.020046710782405608,1,
2024-01-26 23:59:59.999000,False,0.005448055607740088,1,
2024-01-27 23:59:59.999000,False,-0.03696021120120674,0,
2024-01-28 23:59:59.999000,False,-0.03968708261782106,0,
2024-01-29 23:59:59.999000,False,-0.05493273542600896,0,
2024-01-30 23:59:59.999000,False,-0.0003916193459958528,0,
2024-01-31 23:59:59.999000,False,0.03039936419630429,1,
2024-02-01 23:59:59.999000,False,-0.0051403716884145245,0,
2024-02-02 23:59:59.999000,False,-0.0070519098922623424,0,
2024-02-03 23:59:59.999000,False,-0.026224450443501635,0,
2024-02-04 23:59:59.999000,False,0.021065182829888895,1,
2024-02-05 23:59:59.999000,False,0.015387650424146804,1,
2024-02-06 23:59:59.999000,False,0.04198019801980202,1,
2024-02-07 23:59:59.999000,False,0.019657454262358875,1,
2024-02-08 23:59:59.999000,False,0.02214882455799483,1,
2024-02-09 23:59:59.999000,False,0.010072215887495295,1,
2024-02-10 23:59:59.999000,False,0.0015270089711778567,1,
2024-02-11 23:59:59.999000,False,0.022239118038395622,1,
2024-02-12 23:59:59.999000,False,0.057761053621825154,1,
2024-02-13 23:59:59.999000,False,0.07547169811320753,1,
2024-02-14 23:59:59.999000,False,0.021941242097434088,1,
2024-02-15 23:59:59.999000,False,-0.009071504802561359,0,
2024-02-16 23:59:59.999000,False,-0.0030125819599504666,0,
2024-02-17 23:59:59.999000,False,0.022925764192139875,1,
2024-02-18 23:59:59.999000,False,-0.014360078980434454,0,
2024-02-19 23:59:59.999000,False,-0.03839317454674718,0,
2024-02-20 23:59:59.999000,False,-0.04980434009249379,0,
2024-02-21 23:59:59.999000,False,-0.007466763795301423,0,
2024-02-22 23:59:59.999000,False,0.0027726432532346745,1,
2024-02-23 23:59:59.999000,False,0.03070011231748393,1,
2024-02-24 23:59:59.999000,False,0.07541284403669701,1,
2024-02-25 23:59:59.999000,False,0.05990783410138234,1,
2024-02-26 23:59:59.999000,False,0.06556483835815485,1,
2024-02-27 23:59:59.999000,False,0.02593414093158164,1,
2024-02-28 23:59:59.999000,False,0.1203478260869566,1,
2024-02-29 23:59:59.999000,False,0.06885972387932493,1,
2024-03-01 23:59:59.999000,False,0.07716614002993527,1,
2024-03-02 23:59:59.999000,False,-0.08227258615336863,0,
2024-03-03 23:59:59.999000,False,-0.023919630043055307,0,
2024-03-04 23:59:59.999000,False,-0.031959240389069055,0,
2024-03-05 23:59:59.999000,False,0.04871447902571058,1,
2024-03-06 23:59:59.999000,False,0.012416271851004801,1,
2024-03-07 23:59:59.999000,False,-0.030303030303030276,0,
2024-03-08 23:59:59.999000,False,0.1661290322580644,1,
2024-03-09 23:59:59.999000,False,0.11021461997740833,1,
2024-03-10 23:59:59.999000,False,0.1333881578947369,1,
2024-03-11 23:59:59.999000,False,-0.07468879668049788,0,
2024-03-12 23:59:59.999000,False,-0.07819767441860459,0,
2024-03-13 23:59:59.999000,False,-0.12480046437382097,0,
2024-03-14 23:59:59.999000,False,-0.07458893871449934,0,
2024-03-15 23:59:59.999000,False,0.017502365184484336,1,
2024-03-16 23:59:59.999000,False,-0.03084065660752766,0,
2024-03-17 23:59:59.999000,False,-0.01356808270069454,0,
2024-03-18 23:59:59.999000,False,-0.007593367426003472,0,
2024-03-19 23:59:59.999000,False,0.04619332763045336,1,
2024-03-20 23:59:59.999000,False,0.00982479122318658,1,
2024-03-21 23:59:59.999000,False,-0.012336039975015645,0,
2024-03-22 23:59:59.999000,False,0.047587898609975365,1,
2024-03-23 23:59:59.999000,False,0.024323009567050358,1,
2024-03-24 23:59:59.999000,False,-0.032727272727272605,0,
2024-03-25 23:59:59.999000,False,-0.025288791757727136,0,
2024-03-26 23:59:59.999000,False,-0.0025328478708248614,0,
2024-03-27 23:59:59.999000,False,0.015364498202026677,1,
2024-03-28 23:59:59.999000,False,0.0076873798846892605,1,
2024-03-29 23:59:59.999000,False,-0.030312648785907004,0,
2024-03-30 23:59:59.999000,False,-0.05763039278815185,0,
2024-03-31 23:59:59.999000,False,-0.08741258741258728,0,
2024-04-01 23:59:59.999000,False,-0.028641571194762627,0,
2024-04-02 23:59:59.999000,False,0.002903997266825886,1,
2024-04-03 23:59:59.999000,False,0.03274120515499823,1,
2024-04-04 23:59:59.999000,False,0.0015164279696715521,1,
2024-04-05 23:59:59.999000,False,0.047010730710270954,1,
2024-04-06 23:59:59.999000,False,0.03558178752107932,1,
2024-04-07 23:59:59.999000,False,0.03835800807537004,1,
2024-04-08 23:59:59.999000,False,-0.00992353993818118,0,
2024-04-09 23:59:59.999000,False,-0.10959127177984052,0,
2024-04-10 23:59:59.999000,False,-0.2242384964355152,0,
2024-04-11 23:59:59.999000,False,-0.17302004600722976,0,
2024-04-12 23:59:59.999000,False,-0.08979517190929043,0,
2024-04-13 23:59:59.999000,False,0.03696741854636598,1,
2024-04-14 23:59:59.999000,False,-0.016292469699980106,0,
2024-04-15 23:59:59.999000,False,0.009644364074743672,1,
2024-04-16 23:59:59.999000,False,0.01309164149043296,1,
2024-04-17 23:59:59.999000,False,0.06806705716016981,1,
2024-04-18 23:59:59.999000,False,0.04398009950248749,1,
2024-04-19 23:59:59.999000,False,0.10536779324055678,1,
2024-04-20 23:59:59.999000,False,0.02968986384266259,1,
2024-04-21 23:59:59.999000,False,0.005528021349599621,1,
2024-04-22 23:59:59.999000,False,-0.05503597122302173,0,
2024-04-23 23:59:59.999000,False,-0.033792470156106424,0,
2024-04-24 23:59:59.999000,False,-0.018199052132701343,0,
2024-04-25 23:59:59.999000,False,-0.02874000761324702,0,
2024-04-26 23:59:59.999000,False,-0.020908572514731105,0,
2024-04-27 23:59:59.999000,False,-0.03340413207182846,0,
2024-04-28 23:59:59.999000,False,0.014109347442680775,1,
2024-04-29 23:59:59.999000,False,0.005629974762182188,1,
2024-04-30 23:59:59.999000,False,0.06212544946064713,1,
2024-05-01 23:59:59.999000,False,0.024541062801932467,1,
2024-05-02 23:59:59.999000,False,0.02239382239382226,1,
2024-05-03 23:59:59.999000,False,0.01598645852924596,1,
2024-05-04 23:59:59.999000,False,-0.010750660128253542,0,
2024-05-05 23:59:59.999000,False,-0.023602719033232522,0,
2024-05-06 23:59:59.999000,False,-0.03572750833024807,0,
2024-05-07 23:59:59.999000,False,-0.04251668255481411,0,
2024-05-08 23:59:59.999000,False,-0.021659253529297984,0,
2024-05-09 23:59:59.999000,False,-0.04146669226339028,0,
2024-05-10 23:59:59.999000,False,0.006172839506172867,1,
2024-05-11 23:59:59.999000,False,-0.0112670488238783,0,
2024-05-12 23:59:59.999000,False,0.03905467654716599,1,
2024-05-13 23:59:59.999000,False,0.020581832574708248,1,
2024-05-14 23:59:59.999000,False,0.04638144742103156,1,
2024-05-15 23:59:59.999000,False,0.0048188126445642965,1,
2024-05-16 23:59:59.999000,False,-0.011828582509210817,0,
2024-05-17 23:59:59.999000,False,0.027321360336262757,1,
2024-05-18 23:59:59.999000,False,0.030117015154421667,1,
2024-05-19 23:59:59.999000,False,0.03375196232339084,1,
2024-05-20 23:59:59.999000,False,-0.016366003347591418,0,
2024-05-21 23:59:59.999000,False,-0.0018621973929237035,0,
2024-05-22 23:59:59.999000,False,0.028094153378891207,1,
2024-05-23 23:59:59.999000,False,-0.0011344299489507437,0,
2024-05-24 23:59:59.999000,False,-0.003731343283582045,0,
2024-05-25 23:59:59.999000,False,-0.02381831610044316,0,
2024-05-26 23:59:59.999000,False,-0.008517887563884052,0,
2024-05-27 23:59:59.999000,False,-0.02883895131086156,0,
2024-05-28 23:59:59.999000,False,-0.02099489313410252,0,
2024-05-29 23:59:59.999000,False,-0.009736540664375681,0,
2024-05-30 23:59:59.999000,False,-0.009834168916313168,0,
2024-05-31 23:59:59.999000,False,0.004443585780525616,1,
2024-06-01 23:59:59.999000,False,0.013495276653171295,1,
2024-06-02 23:59:59.999000,False,0.023953261927945668,1,
2024-06-03 23:59:59.999000,False,0.0030775149067125973,1,
2024-06-04 23:59:59.999000,False,-0.05059920106524629,0,
2024-06-05 23:59:59.999000,False,-0.06314187904146074,0,
2024-06-06 23:59:59.999000,False,-0.043911792905081404,0,
2024-06-07 23:59:59.999000,False,-0.004407934281707049,0,
2024-06-08 23:59:59.999000,False,-0.02517255379618344,0,
2024-06-09 23:59:59.999000,False,-0.014039310068190924,0,
2024-06-10 23:59:59.999000,False,-0.040249547192594104,0,
2024-06-11 23:59:59.999000,False,-0.011661807580174877,0,
2024-06-12 23:59:59.999000,False,-0.0016273393002440573,0,
2024-06-13 23:59:59.999000,False,0.02558188299433839,1,
2024-06-14 23:59:59.999000,False,0.06342182890855463,1,
2024-06-15 23:59:59.999000,False,0.00040749796251016157,1,
2024-06-16 23:59:59.999000,False,0.008587200981394538,1,
2024-06-17 23:59:59.999000,False,-0.031503863681394906,0,
2024-06-18 23:59:59.999000,False,-0.004276985743380868,0,
2024-06-19 23:59:59.999000,False,-0.013581998783701699,0,
2024-06-20 23:59:59.999000,False,-0.018617021276595702,0,
2024-06-21 23:59:59.999000,False,-0.03047658007772558,0,
2024-06-22 23:59:59.999000,False,-0.022400328812166026,0,
2024-06-23 23:59:59.999000,False,-0.0206378986866792,0,
2024-06-24 23:59:59.999000,False,0.002742616033755363,1,
2024-06-25 23:59:59.999000,False,-0.008618877443767103,0,
2024-06-26 23:59:59.999000,False,0.006172839506172867,1,
2024-06-27 23:59:59.999000,False,0.001683147485798564,1,
2024-06-28 23:59:59.999000,False,0.011450381679389166,1,
2024-06-29 23:59:59.999000,False,0.026655383964459434,1,
2024-06-30 23:59:59.999000,False,-0.018693551774837225,0,
2024-07-01 23:59:59.999000,False,-0.09245283018867922,0,
2024-07-02 23:59:59.999000,False,-0.12404698124871216,0,
2024-07-03 23:59:59.999000,False,-0.03938356164383572,0,
2024-07-04 23:59:59.999000,False,-0.030954030954031042,0,
2024-07-05 23:59:59.999000,False,0.015290519877675823,1,
2024-07-06 23:59:59.999000,False,-0.02941176470588236,0,
2024-07-07 23:59:59.999000,False,0.046007151370679455,1,
2024-07-08 23:59:59.999000,False,0.040546802594995324,1,
2024-07-09 23:59:59.999000,False,0.08930211202938465,1,
2024-07-10 23:59:59.999000,False,0.1980401093892432,1,
2024-07-11 23:59:59.999000,False,0.15898463593854362,1,
2024-07-12 23:59:59.999000,False,0.13213909378292943,1,
2024-07-13 23:59:59.999000,False,0.10195929237207557,1,
2024-07-14 23:59:59.999000,False,0.20268972142171005,1,
2024-07-15 23:59:59.999000,False,0.06049888309754281,1,
2024-07-16 23:59:59.999000,False,-0.01035732780942522,0,
2024-07-17 23:59:59.999000,False,-0.05159744408945688,0,
2024-07-18 23:59:59.999000,False,0.05037739160961929,1,
2024-07-19 23:59:59.999000,False,0.060526774812488915,1,
2024-07-20 23:59:59.999000,False,0.0064005389927572764,1,
2024-07-21 23:59:59.999000,False,0.03258689839572182,1,
2024-07-22 23:59:59.999000,False,-0.013815789473684115,0,
2024-07-23 23:59:59.999000,False,0.0098744769874477,1,
2024-07-24 23:59:59.999000,False,-0.0360899821977666,0,
2024-07-25 23:59:59.999000,False,0.0026684456304202353,1,
2024-07-26 23:59:59.999000,False,-0.002485913158767117,0,
2024-07-27 23:59:59.999000,False,0.05389523169912702,1,
2024-07-28 23:59:59.999000,False,0.03626081170991369,1,
2024-07-29 23:59:59.999000,False,-0.009137730520019871,0,
2024-07-30 23:59:59.999000,False,-0.10673888800382358,0,
2024-07-31 23:59:59.999000,False,-0.10786516853932593,0,
2024-08-01 23:59:59.999000,False,-0.12340710932260224,0,
2024-08-02 23:59:59.999000,False,-0.12805421794185834,0,
2024-08-03 23:59:59.999000,False,-0.08924073407700606,0,
2024-08-04 23:59:59.999000,False,0.1480489671002294,1,
2024-08-05 23:59:59.999000,False,0.26119860912252,1,
2024-08-06 23:59:59.999000,False,0.14677992888186497,1,
2024-08-07 23:59:59.999000,False,-0.026824391869376907,0,
2024-08-08 23:59:59.999000,False,-0.10347064547518658,0,
2024-08-09 23:59:59.999000,False,-0.020844099913867375,0,
2024-08-10 23:59:59.999000,False,-0.0121554528334189,0,
2024-08-11 23:59:59.999000,False,0.028762662807525263,1,
2024-08-12 23:59:59.999000,False,-0.013546798029556717,0,
2024-08-13 23:59:59.999000,False,-0.022876949740034624,0,
2024-08-14 23:59:59.999000,False,-0.003868471953578312,0,
2024-08-15 23:59:59.999000,False,0.004280363830925671,1,
2024-08-16 23:59:59.999000,False,0.06154664774742824,1,
2024-08-17 23:59:59.999000,False,0.04801412180052966,1,
2024-08-18 23:59:59.999000,False,0.06535251287515531,1,
2024-08-19 23:59:59.999000,False,-0.0015037593984962294,0,
2024-08-20 23:59:59.999000,False,0.028970860704059298,1,
2024-08-21 23:59:59.999000,False,0.021336889481580412,1,
2024-08-22 23:59:59.999000,False,0.00401606425702794,1,
2024-08-23 23:59:59.999000,False,-0.0384678343427729,0,
2024-08-24 23:59:59.999000,False,-0.07524073771829609,0,
2024-08-25 23:59:59.999000,False,-0.05116666666666658,0,
2024-08-26 23:59:59.999000,False,-0.04341164453524016,0,
2024-08-27 23:59:59.999000,False,0.00017649135192376875,1,
2024-08-28 23:59:59.999000,False,-0.005445283681714375,0,
2024-08-29 23:59:59.999000,False,-0.026161238654564767,0,
2024-08-30 23:59:59.999000,False,0.0017646020822303932,1,
2024-08-31 23:59:59.999000,False,-0.015895443306252255,0,
2024-09-01 23:59:59.999000,False,0.01955409356725135,1,
2024-09-02 23:59:59.999000,False,-0.041042804298044744,0,
2024-09-03 23:59:59.999000,False,-0.06478822684852836,0,
2024-09-04 23:59:59.999000,False,-0.059329628965764325,0,
2024-09-05 23:59:59.999000,False,-0.027369581190301306,0,
2024-09-06 23:59:59.999000,False,0.03530992132028388,1,
2024-09-07 23:59:59.999000,False,0.030487804878048586,1,
2024-09-08 23:59:59.999000,False,0.010009442870632768,1,
2024-09-09 23:59:59.999000,False,0.04281742354031515,1,
2024-09-10 23:59:59.999000,False,0.059171597633136175,1,
2024-09-11 23:59:59.999000,False,0.11368735976065802,1,
2024-09-12 23:59:59.999000,False,0.014219694276573103,1,
2024-09-13 23:59:59.999000,False,0.024092178770949824,1,
2024-09-14 23:59:59.999000,False,-0.019644056413700595,0,
2024-09-15 23:59:59.999000,False,0.025587101296880688,1,
2024-09-16 23:59:59.999000,False,0.00034094783498117565,1,
2024-09-17 23:59:59.999000,False,0.002055146429183141,1,
2024-09-18 23:59:59.999000,False,0.021189336978810536,1,
2024-09-19 23:59:59.999000,False,0.0005112474437627412,1,
2024-09-20 23:59:59.999000,False,-0.0006836438215689356,0,
2024-09-21 23:59:59.999000,False,-0.01087684069611794,0,
2024-09-22 23:59:59.999000,False,-0.006813149378300132,0,
2024-09-23 23:59:59.999000,False,0.009919616897554384,1,
2024-09-24 23:59:59.999000,False,-0.0038910505836575737,0,
2024-09-25 23:59:59.999000,False,0.05264963128108402,1,
2024-09-26 23:59:59.999000,False,0.08585944115156652,1,
2024-09-27 23:59:59.999000,False,0.03838315217391308,1,
2024-09-28 23:59:59.999000,False,-0.027859237536656867,0,
2024-09-29 23:59:59.999000,False,-0.16048034934497812,0,
2024-09-30 23:59:59.999000,False,-0.14671246319921494,0,
2024-10-01 23:59:59.999000,False,-0.10507792860734033,0,
2024-10-02 23:59:59.999000,False,-0.01653353148801784,0,
2024-10-03 23:59:59.999000,False,0.02281004408663967,1,
2024-10-04 23:59:59.999000,False,-0.010112359550561889,0,
2024-10-05 23:59:59.999000,False,0.003022289384208676,1,
2024-10-06 23:59:59.999000,False,-0.017053973013493207,0,
2024-10-07 23:59:59.999000,False,0.003594400302686429,1,
2024-10-08 23:59:59.999000,False,0.014689265536723006,1,
2024-10-09 23:59:59.999000,False,0.028217349857006635,1,
2024-10-10 23:59:59.999000,False,0.003016022620169645,1,
2024-10-11 23:59:59.999000,False,0.017631774313288995,1,
2024-10-12 23:59:59.999000,False,0.004450213239384215,1,
2024-10-13 23:59:59.999000,False,0.03025747040030069,1,
2024-10-14 23:59:59.999000,False,-0.0076600401240196625,0,
2024-10-15 23:59:59.999000,False,0.008860993169651055,1,
2024-10-16 23:59:59.999000,False,-0.007661437431594309,0,
2024-10-17 23:59:59.999000,False,0.007535379525822394,1,
2024-10-18 23:59:59.999000,False,-0.002927721866422539,0,
2024-10-19 23:59:59.999000,False,-0.018566176470588225,0,
2024-10-20 23:59:59.999000,False,-0.04086099963516965,0,
2024-10-21 23:59:59.999000,False,-0.023674068636447054,0,
2024-10-22 23:59:59.999000,False,-0.05937441468439797,0,
2024-10-23 23:59:59.999000,False,-0.02358311144922043,0,
2024-10-24 23:59:59.999000,False,-0.02857142857142858,0,
2024-10-25 23:59:59.999000,False,0.03444842692154526,1,
2024-10-26 23:59:59.999000,False,0.029216984807167945,1,
2024-10-27 23:59:59.999000,False,0.011803405572755388,1,
2024-10-28 23:59:59.999000,False,-0.019249278152069338,0,
2024-10-29 23:59:59.999000,False,-0.028955336866010595,0,
2024-10-30 23:59:59.999000,False,-0.024096385542168752,0,
2024-10-31 23:59:59.999000,False,-0.012757605495583801,0,
2024-11-01 23:59:59.999000,False,-0.018709803157279437,0,
2024-11-02 23:59:59.999000,False,0.007250636880266503,1,
2024-11-03 23:59:59.999000,False,0.07713717693836974,1,
2024-11-04 23:59:59.999000,False,0.10347567030784521,1,
2024-11-05 23:59:59.999000,False,0.07723735408560306,1,
2024-11-06 23:59:59.999000,False,0.03229974160206739,1,
2024-11-07 23:59:59.999000,False,0.05903527717782597,1,
2024-11-08 23:59:59.999000,False,0.12100415387393904,1,
2024-11-09 23:59:59.999000,False,0.2587162524584301,1,
2024-11-10 23:59:59.999000,False,0.1723317471108088,1,
2024-11-11 23:59:59.999000,False,0.24633478330916692,1,
2024-11-12 23:59:59.999000,False,0.26732954545454546,1,
2024-11-13 23:59:59.999000,False,0.6249637576109017,1,
2024-11-14 23:59:59.999000,False,0.3628490175801449,1,
2024-11-15 23:59:59.999000,False,0.24826272136292293,1,
2024-11-16 23:59:59.999000,False,-0.018378089035596346,0,
2024-11-17 23:59:59.999000,False,0.047235132315280426,1,
2024-11-18 23:59:59.999000,False,0.1196911196911199,1,
2024-11-19 23:59:59.999000,False,0.3383622648368625,1,
2024-11-20 23:59:59.999000,False,0.3300425686079158,1,
2024-11-21 23:59:59.999000,False,0.14923817161186848,1,
2024-11-22 23:59:59.999000,False,-0.03965774820046175,0,
2024-11-23 23:59:59.999000,False,-0.04773578481443641,0,
2024-11-24 23:59:59.999000,False,0.02546926243807124,1,
2024-11-25 23:59:59.999000,False,0.09043982463583666,1,
2024-11-26 23:59:59.999000,False,0.2876144164759724,1,
2024-11-27 23:59:59.999000,False,0.3277762656505172,1,
2024-11-28 23:59:59.999000,False,0.487387328966993,1,
2024-11-29 23:59:59.999000,False,0.5131067421970454,1,
2024-11-30 23:59:59.999000,False,0.2864244349920566,1,
2024-12-01 23:59:59.999000,False,0.027771722544360777,1,
2024-12-02 23:59:59.999000,False,-0.17614241145164244,0,
2024-12-03 23:59:59.999000,False,-0.03366265636204291,0,
2024-12-04 23:59:59.999000,False,0.10710952744549074,1,
2024-12-05 23:59:59.999000,False,0.1589147286821706,1,
2024-12-06 23:59:59.999000,False,-0.08793338005524176,0,
2024-12-07 23:59:59.999000,False,-0.09157438982336497,0,
2024-12-08 23:59:59.999000,False,-0.07965248145158199,0,
2024-12-09 23:59:59.999000,False,0.05695172663171211,1,
2024-12-10 23:59:59.999000,False,0.021426462524779755,1,
2024-12-11 23:59:59.999000,False,0.002673238377678633,1,
2024-12-12 23:59:59.999000,False,0.046399247348614336,1,
2024-12-13 23:59:59.999000,False,0.02576702316554491,1,
2024-12-14 23:59:59.999000,False,0.06948552384919804,1,
2024-12-15 23:59:59.999000,False,-0.05582573868977081,0,
2024-12-16 23:59:59.999000,False,-0.09866752546193802,0,
2024-12-17 23:59:59.999000,False,-0.11218011140108275,0,
2024-12-18 23:59:59.999000,False,-0.03129463706012203,0,
2024-12-19 23:59:59.999000,False,-0.016033943724877098,0,
2024-12-20 23:59:59.999000,False,-0.007721668933444614,0,
2024-12-21 23:59:59.999000,False,0.038337801608579136,1,
2024-12-22 23:59:59.999000,False,0.04275793200490208,1,
2024-12-23 23:59:59.999000,False,-0.04677897157005784,0,
2024-12-24 23:59:59.999000,False,-0.07625441087873308,0,
2024-12-25 23:59:59.999000,False,-0.04918817742567361,0,
2024-12-26 23:59:59.999000,False,-0.028619138178950787,0,
2024-12-27 23:59:59.999000,False,-0.04094847666076584,0,
2024-12-28 23:59:59.999000,False,-0.04610172595339457,0,
2024-12-29 23:59:59.999000,False,0.11393372170757354,1,
2024-12-30 23:59:59.999000,False,0.16695001700102008,1,
2024-12-31 23:59:59.999000,False,0.17810520253407547,1,0.0
2025-01-01 23:59:59.999999,False,0.03742283950617287,1,0.0
2025-01-02 23:59:59.999999,True,-0.0012487512487513452,0,0.0
2025-01-03 23:59:59.999999,False,-0.014136146983338094,0,1.0
2025-01-04 23:59:59.999999,True,-0.061526383207305635,0,0.0
2025-01-05 23:59:59.999999,False,-0.010961073601733817,0,1.0
2025-01-06 23:59:59.999999,True,-0.0610743801652891,0,0.0
2025-01-07 23:59:59.999999,False,0.030908770693906407,1,0.0
2025-01-08 23:59:59.999999,False,0.0856685348278623,1,0.0
2025-01-09 23:59:59.999999,True,0.10227972889710402,1,1.0
2025-01-10 23:59:59.999999,False,0.07764585290851622,1,0.0
2025-01-11 23:59:59.999999,False,0.035281788542151915,1,0.0
2025-01-12 23:59:59.999999,True,0.25485107402379636,1,1.0
2025-01-13 23:59:59.999999,False,0.2861049461001901,1,0.0
2025-01-14 23:59:59.999999,False,0.23428185805871093,1,0.0
2025-01-15 23:59:59.999999,False,0.04034490438766736,1,0.0
2025-01-16 23:59:59.999999,True,-0.0882561400265015,0,0.0
2025-01-17 23:59:59.999999,True,-0.0567705485693456,0,0.0
2025-01-18 23:59:59.999999,False,-0.02932990794262469,0,1.0
2025-01-19 23:59:59.999999,True,0.07489775915097852,1,1.0
2025-01-20 23:59:59.999999,True,0.0045406240942904574,1,1.0
2025-01-21 23:59:59.999999,False,-0.02296931123574253,0,1.0
2025-01-22 23:59:59.999999,True,-0.02273370436751243,0,0.0
2025-01-23 23:59:59.999999,False,-0.031127780983522535,0,1.0
2025-01-24 23:59:59.999999,False,-0.014737656809313493,0,1.0
2025-01-25 23:59:59.999999,False,-0.016344916344916416,0,1.0
2025-01-26 23:59:59.999999,True,0.015220196539059705,1,1.0
2025-01-27 23:59:59.999999,True,0.023697302958889832,1,1.0
2025-01-28 23:59:59.999999,False,-0.006901740154389713,0,1.0
2025-01-29 23:59:59.999999,True,-0.06208649740898864,0,0.0
2025-01-30 23:59:59.999999,True,-0.1750863281749585,0,0.0
2025-01-31 23:59:59.999999,True,-0.11066829155824898,0,0.0
2025-02-01 23:59:59.999999,True,-0.12175967753144767,0,0.0
2025-02-02 23:59:59.999999,True,-0.07713178294573653,0,0.0
2025-02-03 23:59:59.999999,False,-0.13892078071182545,0,1.0
2025-02-04 23:59:59.999999,False,-0.05167365672232349,0,1.0
2025-02-05 23:59:59.999999,True,0.01595968080638399,1,1.0
2025-02-06 23:59:59.999999,True,0.029161290322580413,1,1.0
2025-02-07 23:59:59.999999,True,0.01122329773030728,1,1.0
2025-02-08 23:59:59.999999,False,-0.0024390243902439046,0,1.0
2025-02-09 23:59:59.999999,True,0.0336843864928118,1,1.0
2025-02-10 23:59:59.999999,True,0.05619507364772858,1,1.0
2025-02-11 23:59:59.999999,True,0.13480585139447188,1,1.0
2025-02-12 23:59:59.999999,True,0.11664106088784676,1,1.0
2025-02-13 23:59:59.999999,True,0.06578381968045632,1,1.0
2025-02-14 23:59:59.999999,False,-0.02866637452527021,0,1.0
2025-02-15 23:59:59.999999,False,-0.07208805532423324,0,1.0
2025-02-16 23:59:59.999999,True,0.0034820217717992374,1,1.0
2025-02-17 23:59:59.999999,True,0.01045152073386224,1,1.0
2025-02-18 23:59:59.999999,True,0.003628843452473607,1,1.0
2025-02-19 23:59:59.999999,False,-0.05982905982905984,0,1.0
2025-02-20 23:59:59.999999,False,-0.041448078282546486,0,1.0
2025-02-21 23:59:59.999999,False,-0.11422572994829117,0,1.0
2025-02-22 23:59:59.999999,False,-0.09782439782439778,0,1.0
2025-02-23 23:59:59.999999,False,-0.14676085859566046,0,1.0
2025-02-24 23:59:59.999999,False,-0.03502611596365712,0,1.0
2025-02-25 23:59:59.999999,False,-0.07617776246662644,0,1.0
2025-02-26 23:59:59.999999,False,-0.003002456555363353,0,1.0
2025-02-27 23:59:59.999999,True,0.3370934728223789,1,1.0
2025-02-28 23:59:59.999999,True,0.11280473593436824,1,1.0
2025-03-01 23:59:59.999999,True,0.11986676400803042,1,1.0
2025-03-02 23:59:59.999999,False,-0.14961219213498433,0,1.0
2025-03-03 23:59:59.999999,True,0.08913835713986495,1,1.0
2025-03-04 23:59:59.999999,False,-0.0280324328729169,0,1.0
2025-03-05 23:59:59.999999,False,-0.06948555884470764,0,1.0
2025-03-06 23:59:59.999999,False,-0.1774547132802584,0,1.0
2025-03-07 23:59:59.999999,False,-0.15254663592538253,0,1.0
2025-03-08 23:59:59.999999,False,-0.06663514036369877,0,1.0
2025-03-09 23:59:59.999999,True,0.04717819235984466,1,1.0
2025-03-10 23:59:59.999999,True,0.11431539374752675,1,1.0
2025-03-11 23:59:59.999999,True,0.08534844088250182,1,1.0
2025-03-12 23:59:59.999999,True,0.06764600821575284,1,1.0
2025-03-13 23:59:59.999999,True,0.01824477293913973,1,1.0
2025-03-14 23:59:59.999999,False,-0.007723646240027082,0,1.0
2025-03-15 23:59:59.999999,False,-0.04433106101794149,0,1.0
2025-03-16 23:59:59.999999,True,0.11034091899904075,1,1.0
2025-03-17 23:59:59.999999,True,0.04186981438713544,1,1.0
2025-03-18 23:59:59.999999,True,0.04192376701238465,1,1.0
2025-03-19 23:59:59.999999,False,-0.06902508932427642,0,1.0
2025-03-20 23:59:59.999999,True,0.0013135749763966142,1,1.0
2025-03-21 23:59:59.999999,True,0.029064639422067273,1,1.0
2025-03-22 23:59:59.999999,True,0.03293829867993736,1,1.0
2025-03-23 23:59:59.999999,False,-0.03685483540359924,0,1.0
2025-03-24 23:59:59.999999,False,-0.04452879474307159,0,1.0
2025-03-25 23:59:59.999999,False,-0.09876694430834554,0,1.0
2025-03-26 23:59:59.999999,False,-0.09121477824125312,0,1.0
2025-03-27 23:59:59.999999,False,-0.08718496369073059,0,1.0
2025-03-28 23:59:59.999999,False,-0.05318715172382549,0,1.0
2025-03-29 23:59:59.999999,True,0.0016861036953772501,1,1.0
2025-03-30 23:59:59.999999,False,-0.05297393420375307,0,1.0
2025-03-31 23:59:59.999999,False,-0.012010144026029956,0,1.0
2025-04-01 23:59:59.999999,False,-0.003974376957965209,0,1.0
2025-04-02 23:59:59.999999,True,0.059544398873350834,1,1.0
2025-04-03 23:59:59.999999,False,-0.0692561022859357,0,1.0
2025-04-04 23:59:59.999999,False,-0.10867524176133692,0,1.0
2025-04-05 23:59:59.999999,False,-0.16225165562913912,0,1.0
2025-04-06 23:59:59.999999,True,0.06821729628473316,1,1.0
2025-04-07 23:59:59.999999,True,0.03533996945278339,1,1.0
2025-04-08 23:59:59.999999,True,0.12592551355564208,1,1.0
2025-04-09 23:59:59.999999,True,0.0520726776754834,1,1.0
2025-04-10 23:59:59.999999,True,0.07823786753484585,1,1.0
2025-04-11 23:59:59.999999,True,0.05191594561186652,1,1.0
2025-04-12 23:59:59.999999,False,-0.035003241040837185,0,1.0
2025-04-13 23:59:59.999999,False,-0.017078694093225155,0,1.0
2025-04-14 23:59:59.999999,False,-0.028296122209165664,0,1.0
2025-04-15 23:59:59.999999,False,-0.010699548987621155,0,1.0
2025-04-16 23:59:59.999999,True,0.002063933954113306,1,1.0
2025-04-17 23:59:59.999999,True,0.0055144391234944745,1,1.0
2025-04-18 23:59:59.999999,True,0.01144575391629088,1,1.0
2025-04-19 23:59:59.999999,True,0.06044929827082446,1,1.0
2025-04-20 23:59:59.999999,True,0.06720546495405788,1,1.0
2025-04-21 23:59:59.999999,True,0.05725245744425789,1,1.0
2025-04-22 23:59:59.999999,False,-0.014770314829034792,0,1.0
2025-04-23 23:59:59.999999,False,-0.012261089073206,0,1.0
2025-04-24 23:59:59.999999,True,0.021361512993786524,1,1.0
2025-04-25 23:59:59.999999,True,0.052127269392994835,1,1.0
2025-04-26 23:59:59.999999,True,0.021358159912376884,1,1.0
2025-04-27 23:59:59.999999,False,-0.027175843694493773,0,1.0
2025-04-28 23:59:59.999999,False,-0.035992853719116424,0,1.0
2025-04-29 23:59:59.999999,False,-0.012823949955317326,0,1.0
2025-04-30 23:59:59.999999,False,-0.0016432353478181838,0,1.0
2025-05-01 23:59:59.999999,False,-0.025448628124576156,0,1.0
2025-05-02 23:59:59.999999,False,-0.0356221427601503,0,1.0
2025-05-03 23:59:59.999999,False,-0.014722019019751231,0,1.0
2025-05-04 23:59:59.999999,False,-0.013682745825603027,0,1.0
2025-05-05 23:59:59.999999,True,0.09227447667323774,1,1.0
2025-05-06 23:59:59.999999,False,0.08765661252900236,1,0.0
2025-05-07 23:59:59.999999,True,0.16205031742299547,1,1.0
2025-05-08 23:59:59.999999,False,0.017102096940529332,1,0.0
2025-05-09 23:59:59.999999,True,0.08532787234950279,1,1.0
2025-05-10 23:59:59.999999,True,0.045243009186192396,1,1.0
2025-05-11 23:59:59.999999,True,0.07743979721166028,1,1.0
2025-05-12 23:59:59.999999,False,-0.06222728880852224,0,1.0
2025-05-13 23:59:59.999999,True,-0.07863254481396886,0,0.0
2025-05-14 23:59:59.999999,False,-0.07732423636434926,0,1.0
2025-05-15 23:59:59.999999,False,0.01777330650570086,1,0.0
2025-05-16 23:59:59.999999,False,0.00021010168921775652,1,0.0
2025-05-17 23:59:59.999999,False,0.0014449024690834644,1,0.0
2025-05-18 23:59:59.999999,False,-0.013509060955518959,0,1.0
2025-05-19 23:59:59.999999,True,0.02134184766626035,1,1.0
2025-05-20 23:59:59.999999,False,-0.025419053681306925,0,1.0
2025-05-21 23:59:59.999999,False,-0.027095858383433646,0,1.0
2025-05-22 23:59:59.999999,False,-0.03677347702686029,0,1.0
2025-05-23 23:59:59.999999,True,0.005965340067926261,1,1.0
2025-05-24 23:59:59.999999,True,-0.005793245504870481,0,0.0
2025-05-25 23:59:59.999999,True,-0.0288252124524917,0,0.0
2025-05-26 23:59:59.999999,False,-0.028611002900056137,0,1.0
2025-05-27 23:59:59.999999,True,-0.07639848066298349,0,0.0
2025-05-28 23:59:59.999999,False,-0.044147392489666704,0,1.0
2025-05-29 23:59:59.999999,False,-0.028963550485696654,0,1.0
2025-05-30 23:59:59.999999,True,0.02649780353304032,1,1.0
2025-05-31 23:59:59.999999,True,0.032569693624068474,1,1.0
2025-06-01 23:59:59.999999,True,0.009957782672540327,1,1.0
2025-06-02 23:59:59.999999,False,-0.046847256999772324,0,1.0
2025-06-03 23:59:59.999999,False,-0.03777955983248682,0,1.0
2025-06-04 23:59:59.999999,False,-0.010904629924122,0,1.0
2025-06-05 23:59:59.999999,True,0.0828238440962934,1,1.0
2025-06-06 23:59:59.999999,True,0.07468284100379652,1,1.0
2025-06-07 23:59:59.999999,True,0.05994763195369557,1,1.0
2025-06-08 23:59:59.999999,True,0.0014997794441993229,1,1.0
2025-06-09 23:59:59.999999,False,-0.056524923527637605,0,1.0
2025-06-10 23:59:59.999999,False,-0.06942879431394633,0,1.0
2025-06-11 23:59:59.999999,False,-0.0576990838618745,0,1.0
2025-06-12 23:59:59.999999,False,-0.01114206128133699,0,1.0
2025-06-13 23:59:59.999999,True,0.04228763040238448,1,1.0
2025-06-14 23:59:59.999999,True,0.009161447134710565,1,1.0
2025-06-15 23:59:59.999999,True,0.0023089355806973355,1,1.0
2025-06-16 23:59:59.999999,False,-0.032707774798927614,0,1.0
2025-06-17 23:59:59.999999,False,-0.01834182491894376,0,1.0
2025-06-18 23:59:59.999999,False,-0.049435613913844656,0,1.0
2025-06-19 23:59:59.999999,False,-0.06818181818181823,0,1.0
2025-06-20 23:59:59.999999,True,0.018401434368217284,1,1.0
2025-06-21 23:59:59.999999,True,0.06136099263280337,1,1.0
2025-06-22 23:59:59.999999,True,0.08363077533214369,1,1.0
2025-06-23 23:59:59.999999,False,-0.024555226093402438,0,1.0
2025-06-24 23:59:59.999999,False,-0.021874143757420694,0,1.0
2025-06-25 23:59:59.999999,False,-0.00022873873461737304,0,1.0
2025-06-26 23:59:59.999999,True,0.04782939108957929,1,1.0
