close_time,price_direction_3d,model_prediction_3d,future_return_3d,prediction_prob,confidence_bin,high_confidence
2023-01-21 23:59:59.999000,1,,0.010907288051561714,,,
2023-01-22 23:59:59.999000,1,,0.041458541458541553,,,
2023-01-23 23:59:59.999000,0,,-0.033538025507794056,,,
2023-01-24 23:59:59.999000,1,,0.012260912211868646,,,
2023-01-25 23:59:59.999000,0,,-0.022062350119904095,,,
2023-01-26 23:59:59.999000,1,,0.01026392961876832,,,
2023-01-27 23:59:59.999000,0,,-0.046996124031007724,,,
2023-01-28 23:59:59.999000,0,,-0.005149583128984725,,,
2023-01-29 23:59:59.999000,0,,-0.0007256894049345597,,,
2023-01-30 23:59:59.999000,1,,0.04168784951703097,,,
2023-01-31 23:59:59.999000,1,,0.014789253142716285,,,
2023-02-01 23:59:59.999000,0,,-0.006051803437424397,,,
2023-02-02 23:59:59.999000,0,,-0.027818448023426146,,,
2023-02-03 23:59:59.999000,0,,-0.047850376487733826,,,
2023-02-04 23:59:59.999000,0,,-0.017048222113979605,,,
2023-02-05 23:59:59.999000,0,,-0.0022590361445782303,,,
2023-02-06 23:59:59.999000,0,,-0.025765306122448983,,,
2023-02-07 23:59:59.999000,0,,-0.05426164519326071,,,
2023-02-08 23:59:59.999000,0,,-0.0357232704402517,,,
2023-02-09 23:59:59.999000,0,,-0.01885310290652009,,,
2023-02-10 23:59:59.999000,0,,-0.029866387215090273,,,
2023-02-11 23:59:59.999000,0,,-0.003652491521001666,,,
2023-02-12 23:59:59.999000,1,,0.07045636509207376,,,
2023-02-13 23:59:59.999000,1,,0.03726708074534146,,,
2023-02-14 23:59:59.999000,1,,0.03430217334380736,,,
2023-02-15 23:59:59.999000,0,,-0.01695337820992282,,,
2023-02-16 23:59:59.999000,1,,0.0057276750846133595,,,
2023-02-17 23:59:59.999000,1,,0.008607594936708818,,,
2023-02-18 23:59:59.999000,0,,-0.006086735987826386,,,
2023-02-19 23:59:59.999000,1,,0.023297954957287148,,,
2023-02-20 23:59:59.999000,0,,-0.025602409638554202,,,
2023-02-21 23:59:59.999000,0,,-0.03470273028833881,,,
2023-02-22 23:59:59.999000,0,,-0.04427017455097382,,,
2023-02-23 23:59:59.999000,0,,-0.026532715095311632,,,
2023-02-24 23:59:59.999000,1,,0.0005286809410520732,,,
2023-02-25 23:59:59.999000,0,,-0.004235044997353166,,,
2023-02-26 23:59:59.999000,1,,0.014818735115109893,,,
2023-02-27 23:59:59.999000,0,,-0.003434610303830965,,,
2023-02-28 23:59:59.999000,1,,0.0031897926634769647,,,
2023-03-01 23:59:59.999000,0,,-0.026075619295958252,,,
2023-03-02 23:59:59.999000,0,,-0.02757158006362659,,,
2023-03-03 23:59:59.999000,0,,-0.020932697403285738,,,
2023-03-04 23:59:59.999000,1,,0.017670682730923648,,,
2023-03-05 23:59:59.999000,1,,0.06025081788440567,,,
2023-03-06 23:59:59.999000,1,,0.00297699594045997,,,
2023-03-07 23:59:59.999000,0,,-0.026571954748750293,,,
2023-03-08 23:59:59.999000,0,,-0.06454101311391103,,,
2023-03-09 23:59:59.999000,1,,0.0021586616297895045,,,
2023-03-10 23:59:59.999000,1,,0.00648648648648642,,,
2023-03-11 23:59:59.999000,1,,0.023639362286970833,,,
2023-03-12 23:59:59.999000,0,,-0.03365643511039318,,,
2023-03-13 23:59:59.999000,0,,-0.020676691729323293,,,
2023-03-14 23:59:59.999000,1,,0.01987110633727185,,,
2023-03-15 23:59:59.999000,1,,0.041794371691278975,,,
2023-03-16 23:59:59.999000,1,,0.05758157389635299,,,
2023-03-17 23:59:59.999000,0,,-0.01685097419694581,,,
2023-03-18 23:59:59.999000,1,,0.25595078898101087,,,
2023-03-19 23:59:59.999000,1,,0.09229971480425214,,,
2023-03-20 23:59:59.999000,1,,0.1885377611140866,,,
2023-03-21 23:59:59.999000,0,,-0.09305792163543447,,,
2023-03-22 23:59:59.999000,1,,0.05126987894611923,,,
2023-03-23 23:59:59.999000,1,,0.009238395673726973,,,
2023-03-24 23:59:59.999000,1,,0.12467715426156367,,,
2023-03-25 23:59:59.999000,1,,0.16143599006547737,,,
2023-03-26 23:59:59.999000,1,,0.21120785889707516,,,
2023-03-27 23:59:59.999000,1,,0.11043841336116933,,,
2023-03-28 23:59:59.999000,1,,0.04471228615863154,,,
2023-03-29 23:59:59.999000,0,,-0.060829493087557696,,,
2023-03-30 23:59:59.999000,0,,-0.02613273171648811,,,
2023-03-31 23:59:59.999000,0,,-0.07722366951991066,,,
2023-04-01 23:59:59.999000,0,,-0.013542688910696543,,,
2023-04-02 23:59:59.999000,0,,-0.02413127413127425,,,
2023-04-03 23:59:59.999000,1,,0.01391409558378709,,,
2023-04-04 23:59:59.999000,1,,0.019896538002387443,,,
2023-04-05 23:59:59.999000,0,,-0.0013847675568742224,,,
2023-04-06 23:59:59.999000,1,,0.0051710421638822,,,
2023-04-07 23:59:59.999000,1,,0.009754194303550623,,,
2023-04-08 23:59:59.999000,1,,0.023573692551505543,,,
2023-04-09 23:59:59.999000,0,,-0.0009893153937474697,,,
2023-04-10 23:59:59.999000,0,,-0.00985316846986084,,,
2023-04-11 23:59:59.999000,1,,0.01161215405457705,,,
2023-04-12 23:59:59.999000,1,,0.028322440087146017,,,
2023-04-13 23:59:59.999000,1,,0.01639024390243926,,,
2023-04-14 23:59:59.999000,0,,-0.022575090874306536,,,
2023-04-15 23:59:59.999000,1,,0.025423728813559254,,,
2023-04-16 23:59:59.999000,0,,-0.05720867728930701,,,
2023-04-17 23:59:59.999000,0,,-0.06987668819729886,,,
2023-04-18 23:59:59.999000,0,,-0.15646130728775354,,,
2023-04-19 23:59:59.999000,0,,-0.039095907147220554,,,
2023-04-20 23:59:59.999000,0,,-0.02209595959595967,,,
2023-04-21 23:59:59.999000,1,,0.026720106880427474,,,
2023-04-22 23:59:59.999000,0,,-0.005085823267641509,,,
2023-04-23 23:59:59.999000,0,,-0.0062405853238648445,,,
2023-04-24 23:59:59.999000,1,,0.012144870960746124,,,
2023-04-25 23:59:59.999000,1,,0.021512247071352686,,,
2023-04-26 23:59:59.999000,1,,0.03508012126461679,,,
2023-04-27 23:59:59.999000,1,,0.008142275551746181,,,
2023-04-28 23:59:59.999000,0,,-0.0306505421184321,,,
2023-04-29 23:59:59.999000,0,,-0.028242677824267703,,,
2023-04-30 23:59:59.999000,0,,-0.015515409139213565,,,
2023-05-01 23:59:59.999000,0,,-0.00881910088191007,,,
2023-05-02 23:59:59.999000,1,,0.005597416576964553,,,
2023-05-03 23:59:59.999000,0,,-0.010794473229706392,,,
2023-05-04 23:59:59.999000,0,,-0.02560763888888884,,,
2023-05-05 23:59:59.999000,0,,-0.0830657246842218,,,
2023-05-06 23:59:59.999000,0,,-0.063945875163684,,,
2023-05-07 23:59:59.999000,0,,-0.0416481069042316,,,
2023-05-08 23:59:59.999000,0,,-0.017744571561989275,,,
2023-05-09 23:59:59.999000,1,,0.0037304733038003857,,,
2023-05-10 23:59:59.999000,0,,-0.014640948175691393,,,
2023-05-11 23:59:59.999000,1,,0.010934157356786267,,,
2023-05-12 23:59:59.999000,0,,-0.007433217189314667,,,
2023-05-13 23:59:59.999000,1,,0.04363207547169812,,,
2023-05-14 23:59:59.999000,1,,0.05431460145779443,,,
2023-05-15 23:59:59.999000,1,,0.07559091972852805,,,
2023-05-16 23:59:59.999000,1,,0.05649717514124308,,,
2023-05-17 23:59:59.999000,1,,0.04482604817127567,,,
2023-05-18 23:59:59.999000,0,,-0.004569190600522188,,,
2023-05-19 23:59:59.999000,0,,-0.012192513368984081,,,
2023-05-20 23:59:59.999000,0,,-0.007257203842049087,,,
2023-05-21 23:59:59.999000,0,,-0.00983606557377048,,,
2023-05-22 23:59:59.999000,0,,-0.017323516673884765,,,
2023-05-23 23:59:59.999000,1,,0.007095248333691684,,,
2023-05-24 23:59:59.999000,1,,0.040618101545253804,,,
2023-05-25 23:59:59.999000,1,,0.062141912736888516,,,
2023-05-26 23:59:59.999000,1,,0.05593509820666087,,,
2023-05-27 23:59:59.999000,1,,0.10415782774713622,,,
2023-05-28 23:59:59.999000,1,,0.0717842323651452,,,
2023-05-29 23:59:59.999000,1,,0.024059846340477087,,,
2023-05-30 23:59:59.999000,1,,0.007492795389049123,,,
2023-05-31 23:59:59.999000,1,,0.004258614014711837,,,
2023-06-01 23:59:59.999000,1,,0.058045409674235104,,,
2023-06-02 23:59:59.999000,0,,-0.029366895499618573,,,
2023-06-03 23:59:59.999000,1,,0.021588280647648395,,,
2023-06-04 23:59:59.999000,0,,-0.032841948124650244,,,
2023-06-05 23:59:59.999000,1,,0.028683693516699416,,,
2023-06-06 23:59:59.999000,1,,0.015094339622641506,,,
2023-06-07 23:59:59.999000,0,,-0.02238086050549859,,,
2023-06-08 23:59:59.999000,0,,-0.0053475935828875,,,
2023-06-09 23:59:59.999000,0,,-0.023977695167286317,,,
2023-06-10 23:59:59.999000,1,,0.02466942964278651,,,
2023-06-11 23:59:59.999000,0,,-0.07814900153609838,,,
2023-06-12 23:59:59.999000,0,,-0.08569796229289661,,,
2023-06-13 23:59:59.999000,0,,-0.08339753466872113,,,
2023-06-14 23:59:59.999000,0,,-0.001458029577171449,,,
2023-06-15 23:59:59.999000,1,,0.013955425952926426,,,
2023-06-16 23:59:59.999000,1,,0.03719268753939908,,,
2023-06-17 23:59:59.999000,1,,0.02816020025031296,,,
2023-06-18 23:59:59.999000,1,,0.02691043549712413,,,
2023-06-19 23:59:59.999000,1,,0.0004051863857374993,,,
2023-06-20 23:59:59.999000,1,,0.0064921890850071495,,,
2023-06-21 23:59:59.999000,0,,-0.02680536107221454,,,
2023-06-22 23:59:59.999000,0,,-0.007087889833940819,,,
2023-06-23 23:59:59.999000,0,,-0.03446885708526504,,,
2023-06-24 23:59:59.999000,0,,-0.00554984583761553,,,
2023-06-25 23:59:59.999000,0,,-0.05221293085865797,,,
2023-06-26 23:59:59.999000,0,,-0.008977035490605356,,,
2023-06-27 23:59:59.999000,0,,-0.022529971062422494,,,
2023-06-28 23:59:59.999000,1,,0.018291370776845284,,,
2023-06-29 23:59:59.999000,1,,0.02064461765325465,,,
2023-06-30 23:59:59.999000,1,,0.034045252696130346,,,
2023-07-01 23:59:59.999000,1,,0.029585798816567976,,,
2023-07-02 23:59:59.999000,0,,-0.014035087719298178,,,
2023-07-03 23:59:59.999000,0,,-0.05480572597137012,,,
2023-07-04 23:59:59.999000,0,,-0.037972085385878485,,,
2023-07-05 23:59:59.999000,0,,-0.015281557462842876,,,
2023-07-06 23:59:59.999000,1,,0.012548680225010767,,,
2023-07-07 23:59:59.999000,1,,0.019842116492425843,,,
2023-07-08 23:59:59.999000,1,,0.01041666666666674,,,
2023-07-09 23:59:59.999000,1,,0.0064102564102563875,,,
2023-07-10 23:59:59.999000,1,,0.7056485355648536,,,
2023-07-11 23:59:59.999000,1,,0.5104144750683779,,,
2023-07-12 23:59:59.999000,1,,0.5169851380042465,,,
2023-07-13 23:59:59.999000,0,,-0.08401815282718017,,,
2023-07-14 23:59:59.999000,1,,0.02716255745925622,,,
2023-07-15 23:59:59.999000,1,,0.08873337998600417,,,
2023-07-16 23:59:59.999000,1,,0.0978843063738617,,,
2023-07-17 23:59:59.999000,1,,0.0770273935448873,,,
2023-07-18 23:59:59.999000,0,,-0.008484381025838816,,,
2023-07-19 23:59:59.999000,0,,-0.10586656909379188,,,
2023-07-20 23:59:59.999000,0,,-0.07025938050868807,,,
2023-07-21 23:59:59.999000,0,,-0.08971865681317259,,,
2023-07-22 23:59:59.999000,0,,-0.03301050334197242,,,
2023-07-23 23:59:59.999000,0,,-0.030200433369447444,,,
2023-07-24 23:59:59.999000,1,,0.01680672268907557,,,
2023-07-25 23:59:59.999000,1,,0.004372972210466841,,,
2023-07-26 23:59:59.999000,0,,-0.00558581203742492,,,
2023-07-27 23:59:59.999000,0,,-0.013027034598683263,,,
2023-07-28 23:59:59.999000,0,,-0.020224719101123556,,,
2023-07-29 23:59:59.999000,0,,-0.007302345176239289,,,
2023-07-30 23:59:59.999000,0,,-0.027817201248935497,,,
2023-07-31 23:59:59.999000,0,,-0.04959862385321101,,,
2023-08-01 23:59:59.999000,0,,-0.1008629226198895,,,
2023-08-02 23:59:59.999000,0,,-0.08204379562043795,,,
2023-08-03 23:59:59.999000,0,,-0.05882352941176472,,,
2023-08-04 23:59:59.999000,0,,-0.018879798615481502,,,
2023-08-05 23:59:59.999000,1,,0.020674300254452938,,,
2023-08-06 23:59:59.999000,1,,0.03092948717948718,,,
2023-08-07 23:59:59.999000,1,,0.015234124438742613,,,
2023-08-08 23:59:59.999000,0,,-0.015581177937052049,,,
2023-08-09 23:59:59.999000,0,,-0.024405409606715223,,,
2023-08-10 23:59:59.999000,0,,-0.011846469752013866,,,
2023-08-11 23:59:59.999000,1,,0.0039569484013928236,,,
2023-08-12 23:59:59.999000,0,,-0.027405991077119163,,,
2023-08-13 23:59:59.999000,0,,-0.05866368286445023,,,
2023-08-14 23:59:59.999000,0,,-0.2016396027116507,,,
2023-08-15 23:59:59.999000,0,,-0.17070773263433825,,,
2023-08-16 23:59:59.999000,0,,-0.11716760061130915,,,
2023-08-17 23:59:59.999000,1,,0.06319115323854674,,,
2023-08-18 23:59:59.999000,1,,0.03615171868826539,,,
2023-08-19 23:59:59.999000,1,,0.0021157914983651605,,,
2023-08-20 23:59:59.999000,0,,-0.015416047548291179,,,
2023-08-21 23:59:59.999000,0,,-0.011058150619637552,,,
2023-08-22 23:59:59.999000,1,,0.009213051823416585,,,
2023-08-23 23:59:59.999000,0,,-0.013205055649877395,,,
2023-08-24 23:59:59.999000,1,,0.009446693657219729,,,
2023-08-25 23:59:59.999000,0,,-0.004944845949030108,,,
2023-08-26 23:59:59.999000,1,,0.03192506212961188,,,
2023-08-27 23:59:59.999000,1,,0.009167303284950412,,,
2023-08-28 23:59:59.999000,0,,-0.02331804281345562,,,
2023-08-29 23:59:59.999000,0,,-0.07743608743979247,,,
2023-08-30 23:59:59.999000,0,,-0.0560181680545041,,,
2023-08-31 23:59:59.999000,0,,-0.012328767123287565,,,
2023-09-01 23:59:59.999000,1,,0.02148594377510049,,,
2023-09-02 23:59:59.999000,1,,0.013632718524458687,,,
2023-09-03 23:59:59.999000,0,,-0.002773925104022301,,,
2023-09-04 23:59:59.999000,0,,-0.007273442107332495,,,
2023-09-05 23:59:59.999000,0,,-0.0011867088607595555,,,
2023-09-06 23:59:59.999000,1,,0.0009934432743892163,,,
2023-09-07 23:59:59.999000,0,,-0.016039603960396054,,,
2023-09-08 23:59:59.999000,0,,-0.06059405940594065,,,
2023-09-09 23:59:59.999000,0,,-0.046447002778880586,,,
2023-09-10 23:59:59.999000,0,,-0.027570939826926932,,,
2023-09-11 23:59:59.999000,1,,0.031197301854974713,,,
2023-09-12 23:59:59.999000,1,,0.04184013322231461,,,
2023-09-13 23:59:59.999000,1,,0.0343543046357615,,,
2023-09-14 23:59:59.999000,1,,0.006745707277187263,,,
2023-09-15 23:59:59.999000,1,,0.004995004995005159,,,
2023-09-16 23:59:59.999000,1,,0.028411364545818385,,,
2023-09-17 23:59:59.999000,1,,0.05827411167512686,,,
2023-09-18 23:59:59.999000,1,,0.008151093439363821,,,
2023-09-19 23:59:59.999000,0,,-0.0035019455252919274,,,
2023-09-20 23:59:59.999000,0,,-0.02609363008442045,,,
2023-09-21 23:59:59.999000,0,,-0.009859988168014255,,,
2023-09-22 23:59:59.999000,0,,-0.012885591565794496,,,
2023-09-23 23:59:59.999000,0,,-0.011229314420803882,,,
2023-09-24 23:59:59.999000,0,,-0.0055765783708423555,,,
2023-09-25 23:59:59.999000,1,,0.008306962025316444,,,
2023-09-26 23:59:59.999000,1,,0.03905160390516027,,,
2023-09-27 23:59:59.999000,1,,0.03124374123773288,,,
2023-09-28 23:59:59.999000,1,,0.028050215770890397,,,
2023-09-29 23:59:59.999000,0,,-0.017641418983700863,,,
2023-09-30 23:59:59.999000,1,,0.046805204894154295,,,
2023-10-01 23:59:59.999000,1,,0.01621827895439787,,,
2023-10-02 23:59:59.999000,1,,0.02030060511419096,,,
2023-10-03 23:59:59.999000,0,,-0.02504638218923949,,,
2023-10-04 23:59:59.999000,0,,-0.020653398422831426,,,
2023-10-05 23:59:59.999000,0,,-0.010139659460493777,,,
2023-10-06 23:59:59.999000,0,,-0.0433872502378686,,,
2023-10-07 23:59:59.999000,0,,-0.04812116564417168,,,
2023-10-08 23:59:59.999000,0,,-0.055276381909547645,,,
2023-10-09 23:59:59.999000,0,,-0.039188382733240545,,,
2023-10-10 23:59:59.999000,0,,-0.02296072507552871,,,
2023-10-11 23:59:59.999000,0,,-0.004705400981996788,,,
2023-10-12 23:59:59.999000,1,,0.009109730848861242,,,
2023-10-13 23:59:59.999000,1,,0.026180169037312018,,,
2023-10-14 23:59:59.999000,1,,0.00966084275436807,,,
2023-10-15 23:59:59.999000,1,,0.0008206811653672652,,,
2023-10-16 23:59:59.999000,1,,0.04399357171554841,,,
2023-10-17 23:59:59.999000,1,,0.04824918566775249,,,
2023-10-18 23:59:59.999000,1,,0.06765067650676504,,,
2023-10-19 23:59:59.999000,1,,0.005580142389840059,,,
2023-10-20 23:59:59.999000,1,,0.06331326471159437,,,
2023-10-21 23:59:59.999000,1,,0.07296466973886306,,,
2023-10-22 23:59:59.999000,1,,0.06238040566398784,,,
2023-10-23 23:59:59.999000,1,,0.01059360730593606,,,
2023-10-24 23:59:59.999000,0,,-0.028274874731567534,,,
2023-10-25 23:59:59.999000,0,,-0.019092219020172996,,,
2023-10-26 23:59:59.999000,1,,0.005060545816013118,,,
2023-10-27 23:59:59.999000,1,,0.0644567219152854,,,
2023-10-28 23:59:59.999000,1,,0.10099155343371291,,,
2023-10-29 23:59:59.999000,1,,0.09422765689624168,,,
2023-10-30 23:59:59.999000,1,,0.04740484429065761,,,
2023-10-31 23:59:59.999000,1,,0.020847231487658435,,,
2023-11-01 23:59:59.999000,1,,0.010517666392769076,,,
2023-11-02 23:59:59.999000,1,,0.09134456557647819,,,
2023-11-03 23:59:59.999000,1,,0.16778304198660354,,,
2023-11-04 23:59:59.999000,1,,0.11400227679297448,,,
2023-11-05 23:59:59.999000,1,,0.03965491145754507,,,
2023-11-06 23:59:59.999000,0,,-0.06757134862898717,,,
2023-11-07 23:59:59.999000,0,,-0.03722627737226292,,,
2023-11-08 23:59:59.999000,0,,-0.03537632843208616,,,
2023-11-09 23:59:59.999000,0,,-0.007801950487621889,,,
2023-11-10 23:59:59.999000,1,,0.016224412433661906,,,
2023-11-11 23:59:59.999000,0,,-0.04980380319951694,,,
2023-11-12 23:59:59.999000,0,,-0.0199606835021926,,,
2023-11-13 23:59:59.999000,0,,-0.0869889585198449,,,
2023-11-14 23:59:59.999000,0,,-0.02588945362134698,,,
2023-11-15 23:59:59.999000,0,,-0.05786144113562719,,,
2023-11-16 23:59:59.999000,1,,0.022716130086615438,,,
2023-11-17 23:59:59.999000,0,,-0.0017935757378118034,,,
2023-11-18 23:59:59.999000,0,,-0.05207992138879802,,,
2023-11-19 23:59:59.999000,0,,-0.023809523809523836,,,
2023-11-20 23:59:59.999000,1,,0.014211042143090546,,,
2023-11-21 23:59:59.999000,1,,0.07325501036627502,,,
2023-11-22 23:59:59.999000,1,,0.01947945653953198,,,
2023-11-23 23:59:59.999000,0,,-0.008374939603800868,,,
2023-11-24 23:59:59.999000,0,,-0.027849323889246547,,,
2023-11-25 23:59:59.999000,0,,-0.019428387925497725,,,
2023-11-26 23:59:59.999000,0,,-0.010719506253045408,,,
2023-11-27 23:59:59.999000,1,,0.003974167908594062,,,
2023-11-28 23:59:59.999000,1,,0.0029474373669560183,,,
2023-11-29 23:59:59.999000,1,,0.019208668527335382,,,
2023-11-30 23:59:59.999000,1,,0.027379185221837465,,,
2023-12-01 23:59:59.999000,1,,0.01959183673469389,,,
2023-12-02 23:59:59.999000,1,,0.0003221649484534961,,,
2023-12-03 23:59:59.999000,1,,0.027452239524803357,,,
2023-12-04 23:59:59.999000,1,,0.029943955164131175,,,
2023-12-05 23:59:59.999000,1,,0.08228663446054751,,,
2023-12-06 23:59:59.999000,1,,0.028750000000000053,,,
2023-12-07 23:59:59.999000,1,,0.02876243781094523,,,
2023-12-08 23:59:59.999000,0,,-0.07945246243118587,,,
2023-12-09 23:59:59.999000,0,,-0.0595382746051033,,,
2023-12-10 23:59:59.999000,0,,-0.05168505364969023,,,
2023-12-11 23:59:59.999000,1,,0.020850169710683764,,,
2023-12-12 23:59:59.999000,0,,-0.005813953488371992,,,
2023-12-13 23:59:59.999000,0,,-0.01147410358565737,,,
2023-12-14 23:59:59.999000,0,,-0.0337238758708045,,,
2023-12-15 23:59:59.999000,0,,-0.005035737491877801,,,
2023-12-16 23:59:59.999000,0,,-0.025149121392874285,,,
2023-12-17 23:59:59.999000,1,,0.011142061281337101,,,
2023-12-18 23:59:59.999000,1,,0.018938775510203953,,,
2023-12-19 23:59:59.999000,1,,0.03257813791962949,,,
2023-12-20 23:59:59.999000,1,,0.00388915896937303,,,
2023-12-21 23:59:59.999000,0,,-0.01922768787053364,,,
2023-12-22 23:59:59.999000,1,,0.0349135169762973,,,
2023-12-23 23:59:59.999000,1,,0.0038740920096851372,,,
2023-12-24 23:59:59.999000,1,,0.0357784675706585,,,
2023-12-25 23:59:59.999000,0,,-0.017951098731042947,,,
2023-12-26 23:59:59.999000,1,,0.0017687731146487362,,,
2023-12-27 23:59:59.999000,0,,-0.020977917981072514,,,
2023-12-28 23:59:59.999000,0,,-0.029940119760479056,,,
2023-12-29 23:59:59.999000,1,,0.010272873194221432,,,
2023-12-30 23:59:59.999000,1,,0.006283228612856462,,,
2023-12-31 23:59:59.999000,0,,-0.05409356725146197,,,
2024-01-01 23:59:59.999000,0,,-0.0676835081029552,,,
2024-01-02 23:59:59.999000,0,,-0.0782901056676274,,,
2024-01-03 23:59:59.999000,0,,-0.024729520865533372,,,
2024-01-04 23:59:59.999000,0,,-0.060156782549420584,,,
2024-01-05 23:59:59.999000,1,,0.0033003300330032292,,,
2024-01-06 23:59:59.999000,0,,-0.0017608733932030773,,,
2024-01-07 23:59:59.999000,1,,0.08939256572982779,,,
2024-01-08 23:59:59.999000,1,,0.04207063711911352,,,
2024-01-09 23:59:59.999000,1,,0.0052919386135121815,,,
2024-01-10 23:59:59.999000,0,,-0.04344207723035953,,,
2024-01-11 23:59:59.999000,0,,-0.04253198205681996,,,
2024-01-12 23:59:59.999000,1,,0.010177224074399138,,,
2024-01-13 23:59:59.999000,1,,0.0017400382808421266,,,
2024-01-14 23:59:59.999000,0,,-0.013534617386777748,,,
2024-01-15 23:59:59.999000,0,,-0.041167274622198935,,,
2024-01-16 23:59:59.999000,0,,-0.0545422963348966,,,
2024-01-17 23:59:59.999000,0,,-0.02656112576956904,,,
2024-01-18 23:59:59.999000,0,,-0.010144927536231974,,,
2024-01-19 23:59:59.999000,0,,-0.03086533161859273,,,
2024-01-20 23:59:59.999000,0,,-0.06342609324177817,,,
2024-01-21 23:59:59.999000,0,,-0.051793557833089254,,,
2024-01-22 23:59:59.999000,0,,-0.0259715639810425,,,
2024-01-23 23:59:59.999000,1,,0.027011383368705344,,,
2024-01-24 23:59:59.999000,1,,0.02354757768770499,,,
2024-01-25 23:59:59.999000,1,,0.020046710782405608,,,
2024-01-26 23:59:59.999000,1,,0.005448055607740088,,,
2024-01-27 23:59:59.999000,0,,-0.03696021120120674,,,
2024-01-28 23:59:59.999000,0,,-0.03968708261782106,,,
2024-01-29 23:59:59.999000,0,,-0.05493273542600896,,,
2024-01-30 23:59:59.999000,0,,-0.0003916193459958528,,,
2024-01-31 23:59:59.999000,1,,0.03039936419630429,,,
2024-02-01 23:59:59.999000,0,,-0.0051403716884145245,,,
2024-02-02 23:59:59.999000,0,,-0.0070519098922623424,,,
2024-02-03 23:59:59.999000,0,,-0.026224450443501635,,,
2024-02-04 23:59:59.999000,1,,0.021065182829888895,,,
2024-02-05 23:59:59.999000,1,,0.015387650424146804,,,
2024-02-06 23:59:59.999000,1,,0.04198019801980202,,,
2024-02-07 23:59:59.999000,1,,0.019657454262358875,,,
2024-02-08 23:59:59.999000,1,,0.02214882455799483,,,
2024-02-09 23:59:59.999000,1,,0.010072215887495295,,,
2024-02-10 23:59:59.999000,1,,0.0015270089711778567,,,
2024-02-11 23:59:59.999000,1,,0.022239118038395622,,,
2024-02-12 23:59:59.999000,1,,0.057761053621825154,,,
2024-02-13 23:59:59.999000,1,,0.07547169811320753,,,
2024-02-14 23:59:59.999000,1,,0.021941242097434088,,,
2024-02-15 23:59:59.999000,0,,-0.009071504802561359,,,
2024-02-16 23:59:59.999000,0,,-0.0030125819599504666,,,
2024-02-17 23:59:59.999000,1,,0.022925764192139875,,,
2024-02-18 23:59:59.999000,0,,-0.014360078980434454,,,
2024-02-19 23:59:59.999000,0,,-0.03839317454674718,,,
2024-02-20 23:59:59.999000,0,,-0.04980434009249379,,,
2024-02-21 23:59:59.999000,0,,-0.007466763795301423,,,
2024-02-22 23:59:59.999000,1,,0.0027726432532346745,,,
2024-02-23 23:59:59.999000,1,,0.03070011231748393,,,
2024-02-24 23:59:59.999000,1,,0.07541284403669701,,,
2024-02-25 23:59:59.999000,1,,0.05990783410138234,,,
2024-02-26 23:59:59.999000,1,,0.06556483835815485,,,
2024-02-27 23:59:59.999000,1,,0.02593414093158164,,,
2024-02-28 23:59:59.999000,1,,0.1203478260869566,,,
2024-02-29 23:59:59.999000,1,,0.06885972387932493,,,
2024-03-01 23:59:59.999000,1,,0.07716614002993527,,,
2024-03-02 23:59:59.999000,0,,-0.08227258615336863,,,
2024-03-03 23:59:59.999000,0,,-0.023919630043055307,,,
2024-03-04 23:59:59.999000,0,,-0.031959240389069055,,,
2024-03-05 23:59:59.999000,1,,0.04871447902571058,,,
2024-03-06 23:59:59.999000,1,,0.012416271851004801,,,
2024-03-07 23:59:59.999000,0,,-0.030303030303030276,,,
2024-03-08 23:59:59.999000,1,,0.1661290322580644,,,
2024-03-09 23:59:59.999000,1,,0.11021461997740833,,,
2024-03-10 23:59:59.999000,1,,0.1333881578947369,,,
2024-03-11 23:59:59.999000,0,,-0.07468879668049788,,,
2024-03-12 23:59:59.999000,0,,-0.07819767441860459,,,
2024-03-13 23:59:59.999000,0,,-0.12480046437382097,,,
2024-03-14 23:59:59.999000,0,,-0.07458893871449934,,,
2024-03-15 23:59:59.999000,1,,0.017502365184484336,,,
2024-03-16 23:59:59.999000,0,,-0.03084065660752766,,,
2024-03-17 23:59:59.999000,0,,-0.01356808270069454,,,
2024-03-18 23:59:59.999000,0,,-0.007593367426003472,,,
2024-03-19 23:59:59.999000,1,,0.04619332763045336,,,
2024-03-20 23:59:59.999000,1,,0.00982479122318658,,,
2024-03-21 23:59:59.999000,0,,-0.012336039975015645,,,
2024-03-22 23:59:59.999000,1,,0.047587898609975365,,,
2024-03-23 23:59:59.999000,1,,0.024323009567050358,,,
2024-03-24 23:59:59.999000,0,,-0.032727272727272605,,,
2024-03-25 23:59:59.999000,0,,-0.025288791757727136,,,
2024-03-26 23:59:59.999000,0,,-0.0025328478708248614,,,
2024-03-27 23:59:59.999000,1,,0.015364498202026677,,,
2024-03-28 23:59:59.999000,1,,0.0076873798846892605,,,
2024-03-29 23:59:59.999000,0,,-0.030312648785907004,,,
2024-03-30 23:59:59.999000,0,,-0.05763039278815185,,,
2024-03-31 23:59:59.999000,0,,-0.08741258741258728,,,
2024-04-01 23:59:59.999000,0,,-0.028641571194762627,,,
2024-04-02 23:59:59.999000,1,,0.002903997266825886,,,
2024-04-03 23:59:59.999000,1,,0.03274120515499823,,,
2024-04-04 23:59:59.999000,1,,0.0015164279696715521,,,
2024-04-05 23:59:59.999000,1,,0.047010730710270954,,,
2024-04-06 23:59:59.999000,1,,0.03558178752107932,,,
2024-04-07 23:59:59.999000,1,,0.03835800807537004,,,
2024-04-08 23:59:59.999000,0,,-0.00992353993818118,,,
2024-04-09 23:59:59.999000,0,,-0.10959127177984052,,,
2024-04-10 23:59:59.999000,0,,-0.2242384964355152,,,
2024-04-11 23:59:59.999000,0,,-0.17302004600722976,,,
2024-04-12 23:59:59.999000,0,,-0.08979517190929043,,,
2024-04-13 23:59:59.999000,1,,0.03696741854636598,,,
2024-04-14 23:59:59.999000,0,,-0.016292469699980106,,,
2024-04-15 23:59:59.999000,1,,0.009644364074743672,,,
2024-04-16 23:59:59.999000,1,,0.01309164149043296,,,
2024-04-17 23:59:59.999000,1,,0.06806705716016981,,,
2024-04-18 23:59:59.999000,1,,0.04398009950248749,,,
2024-04-19 23:59:59.999000,1,,0.10536779324055678,,,
2024-04-20 23:59:59.999000,1,,0.02968986384266259,,,
2024-04-21 23:59:59.999000,1,,0.005528021349599621,,,
2024-04-22 23:59:59.999000,0,,-0.05503597122302173,,,
2024-04-23 23:59:59.999000,0,,-0.033792470156106424,,,
2024-04-24 23:59:59.999000,0,,-0.018199052132701343,,,
2024-04-25 23:59:59.999000,0,,-0.02874000761324702,,,
2024-04-26 23:59:59.999000,0,,-0.020908572514731105,,,
2024-04-27 23:59:59.999000,0,,-0.03340413207182846,,,
2024-04-28 23:59:59.999000,1,,0.014109347442680775,,,
2024-04-29 23:59:59.999000,1,,0.005629974762182188,,,
2024-04-30 23:59:59.999000,1,,0.06212544946064713,,,
2024-05-01 23:59:59.999000,1,,0.024541062801932467,,,
2024-05-02 23:59:59.999000,1,,0.02239382239382226,,,
2024-05-03 23:59:59.999000,1,,0.01598645852924596,,,
2024-05-04 23:59:59.999000,0,,-0.010750660128253542,,,
2024-05-05 23:59:59.999000,0,,-0.023602719033232522,,,
2024-05-06 23:59:59.999000,0,,-0.03572750833024807,,,
2024-05-07 23:59:59.999000,0,,-0.04251668255481411,,,
2024-05-08 23:59:59.999000,0,,-0.021659253529297984,,,
2024-05-09 23:59:59.999000,0,,-0.04146669226339028,,,
2024-05-10 23:59:59.999000,1,,0.006172839506172867,,,
2024-05-11 23:59:59.999000,0,,-0.0112670488238783,,,
2024-05-12 23:59:59.999000,1,,0.03905467654716599,,,
2024-05-13 23:59:59.999000,1,,0.020581832574708248,,,
2024-05-14 23:59:59.999000,1,,0.04638144742103156,,,
2024-05-15 23:59:59.999000,1,,0.0048188126445642965,,,
2024-05-16 23:59:59.999000,0,,-0.011828582509210817,,,
2024-05-17 23:59:59.999000,1,,0.027321360336262757,,,
2024-05-18 23:59:59.999000,1,,0.030117015154421667,,,
2024-05-19 23:59:59.999000,1,,0.03375196232339084,,,
2024-05-20 23:59:59.999000,0,,-0.016366003347591418,,,
2024-05-21 23:59:59.999000,0,,-0.0018621973929237035,,,
2024-05-22 23:59:59.999000,1,,0.028094153378891207,,,
2024-05-23 23:59:59.999000,0,,-0.0011344299489507437,,,
2024-05-24 23:59:59.999000,0,,-0.003731343283582045,,,
2024-05-25 23:59:59.999000,0,,-0.02381831610044316,,,
2024-05-26 23:59:59.999000,0,,-0.008517887563884052,,,
2024-05-27 23:59:59.999000,0,,-0.02883895131086156,,,
2024-05-28 23:59:59.999000,0,,-0.02099489313410252,,,
2024-05-29 23:59:59.999000,0,,-0.009736540664375681,,,
2024-05-30 23:59:59.999000,0,,-0.009834168916313168,,,
2024-05-31 23:59:59.999000,1,,0.004443585780525616,,,
2024-06-01 23:59:59.999000,1,,0.013495276653171295,,,
2024-06-02 23:59:59.999000,1,,0.023953261927945668,,,
2024-06-03 23:59:59.999000,1,,0.0030775149067125973,,,
2024-06-04 23:59:59.999000,0,,-0.05059920106524629,,,
2024-06-05 23:59:59.999000,0,,-0.06314187904146074,,,
2024-06-06 23:59:59.999000,0,,-0.043911792905081404,,,
2024-06-07 23:59:59.999000,0,,-0.004407934281707049,,,
2024-06-08 23:59:59.999000,0,,-0.02517255379618344,,,
2024-06-09 23:59:59.999000,0,,-0.014039310068190924,,,
2024-06-10 23:59:59.999000,0,,-0.040249547192594104,,,
2024-06-11 23:59:59.999000,0,,-0.011661807580174877,,,
2024-06-12 23:59:59.999000,0,,-0.0016273393002440573,,,
2024-06-13 23:59:59.999000,1,,0.02558188299433839,,,
2024-06-14 23:59:59.999000,1,,0.06342182890855463,,,
2024-06-15 23:59:59.999000,1,,0.00040749796251016157,,,
2024-06-16 23:59:59.999000,1,,0.008587200981394538,,,
2024-06-17 23:59:59.999000,0,,-0.031503863681394906,,,
2024-06-18 23:59:59.999000,0,,-0.004276985743380868,,,
2024-06-19 23:59:59.999000,0,,-0.013581998783701699,,,
2024-06-20 23:59:59.999000,0,,-0.018617021276595702,,,
2024-06-21 23:59:59.999000,0,,-0.03047658007772558,,,
2024-06-22 23:59:59.999000,0,,-0.022400328812166026,,,
2024-06-23 23:59:59.999000,0,,-0.0206378986866792,,,
2024-06-24 23:59:59.999000,1,,0.002742616033755363,,,
2024-06-25 23:59:59.999000,0,,-0.008618877443767103,,,
2024-06-26 23:59:59.999000,1,,0.006172839506172867,,,
2024-06-27 23:59:59.999000,1,,0.001683147485798564,,,
2024-06-28 23:59:59.999000,1,,0.011450381679389166,,,
2024-06-29 23:59:59.999000,1,,0.026655383964459434,,,
2024-06-30 23:59:59.999000,0,,-0.018693551774837225,,,
2024-07-01 23:59:59.999000,0,,-0.09245283018867922,,,
2024-07-02 23:59:59.999000,0,,-0.12404698124871216,,,
2024-07-03 23:59:59.999000,0,,-0.03938356164383572,,,
2024-07-04 23:59:59.999000,0,,-0.030954030954031042,,,
2024-07-05 23:59:59.999000,1,,0.015290519877675823,,,
2024-07-06 23:59:59.999000,0,,-0.02941176470588236,,,
2024-07-07 23:59:59.999000,1,,0.046007151370679455,,,
2024-07-08 23:59:59.999000,1,,0.040546802594995324,,,
2024-07-09 23:59:59.999000,1,,0.08930211202938465,,,
2024-07-10 23:59:59.999000,1,,0.1980401093892432,,,
2024-07-11 23:59:59.999000,1,,0.15898463593854362,,,
2024-07-12 23:59:59.999000,1,,0.13213909378292943,,,
2024-07-13 23:59:59.999000,1,,0.10195929237207557,,,
2024-07-14 23:59:59.999000,1,,0.20268972142171005,,,
2024-07-15 23:59:59.999000,1,,0.06049888309754281,,,
2024-07-16 23:59:59.999000,0,,-0.01035732780942522,,,
2024-07-17 23:59:59.999000,0,,-0.05159744408945688,,,
2024-07-18 23:59:59.999000,1,,0.05037739160961929,,,
2024-07-19 23:59:59.999000,1,,0.060526774812488915,,,
2024-07-20 23:59:59.999000,1,,0.0064005389927572764,,,
2024-07-21 23:59:59.999000,1,,0.03258689839572182,,,
2024-07-22 23:59:59.999000,0,,-0.013815789473684115,,,
2024-07-23 23:59:59.999000,1,,0.0098744769874477,,,
2024-07-24 23:59:59.999000,0,,-0.0360899821977666,,,
2024-07-25 23:59:59.999000,1,,0.0026684456304202353,,,
2024-07-26 23:59:59.999000,0,,-0.002485913158767117,,,
2024-07-27 23:59:59.999000,1,,0.05389523169912702,,,
2024-07-28 23:59:59.999000,1,,0.03626081170991369,,,
2024-07-29 23:59:59.999000,0,,-0.009137730520019871,,,
2024-07-30 23:59:59.999000,0,,-0.10673888800382358,,,
2024-07-31 23:59:59.999000,0,,-0.10786516853932593,,,
2024-08-01 23:59:59.999000,0,,-0.12340710932260224,,,
2024-08-02 23:59:59.999000,0,,-0.12805421794185834,,,
2024-08-03 23:59:59.999000,0,,-0.08924073407700606,,,
2024-08-04 23:59:59.999000,1,,0.1480489671002294,,,
2024-08-05 23:59:59.999000,1,,0.26119860912252,,,
2024-08-06 23:59:59.999000,1,,0.14677992888186497,,,
2024-08-07 23:59:59.999000,0,,-0.026824391869376907,,,
2024-08-08 23:59:59.999000,0,,-0.10347064547518658,,,
2024-08-09 23:59:59.999000,0,,-0.020844099913867375,,,
2024-08-10 23:59:59.999000,0,,-0.0121554528334189,,,
2024-08-11 23:59:59.999000,1,,0.028762662807525263,,,
2024-08-12 23:59:59.999000,0,,-0.013546798029556717,,,
2024-08-13 23:59:59.999000,0,,-0.022876949740034624,,,
2024-08-14 23:59:59.999000,0,,-0.003868471953578312,,,
2024-08-15 23:59:59.999000,1,,0.004280363830925671,,,
2024-08-16 23:59:59.999000,1,,0.06154664774742824,,,
2024-08-17 23:59:59.999000,1,,0.04801412180052966,,,
2024-08-18 23:59:59.999000,1,,0.06535251287515531,,,
2024-08-19 23:59:59.999000,0,,-0.0015037593984962294,,,
2024-08-20 23:59:59.999000,1,,0.028970860704059298,,,
2024-08-21 23:59:59.999000,1,,0.021336889481580412,,,
2024-08-22 23:59:59.999000,1,,0.00401606425702794,,,
2024-08-23 23:59:59.999000,0,,-0.0384678343427729,,,
2024-08-24 23:59:59.999000,0,,-0.07524073771829609,,,
2024-08-25 23:59:59.999000,0,,-0.05116666666666658,,,
2024-08-26 23:59:59.999000,0,,-0.04341164453524016,,,
2024-08-27 23:59:59.999000,1,,0.00017649135192376875,,,
2024-08-28 23:59:59.999000,0,,-0.005445283681714375,,,
2024-08-29 23:59:59.999000,0,,-0.026161238654564767,,,
2024-08-30 23:59:59.999000,1,,0.0017646020822303932,,,
2024-08-31 23:59:59.999000,0,,-0.015895443306252255,,,
2024-09-01 23:59:59.999000,1,,0.01955409356725135,,,
2024-09-02 23:59:59.999000,0,,-0.041042804298044744,,,
2024-09-03 23:59:59.999000,0,,-0.06478822684852836,,,
2024-09-04 23:59:59.999000,0,,-0.059329628965764325,,,
2024-09-05 23:59:59.999000,0,,-0.027369581190301306,,,
2024-09-06 23:59:59.999000,1,,0.03530992132028388,,,
2024-09-07 23:59:59.999000,1,,0.030487804878048586,,,
2024-09-08 23:59:59.999000,1,,0.010009442870632768,,,
2024-09-09 23:59:59.999000,1,,0.04281742354031515,,,
2024-09-10 23:59:59.999000,1,,0.059171597633136175,,,
2024-09-11 23:59:59.999000,1,,0.11368735976065802,,,
2024-09-12 23:59:59.999000,1,,0.014219694276573103,,,
2024-09-13 23:59:59.999000,1,,0.024092178770949824,,,
2024-09-14 23:59:59.999000,0,,-0.019644056413700595,,,
2024-09-15 23:59:59.999000,1,,0.025587101296880688,,,
2024-09-16 23:59:59.999000,1,,0.00034094783498117565,,,
2024-09-17 23:59:59.999000,1,,0.002055146429183141,,,
2024-09-18 23:59:59.999000,1,,0.021189336978810536,,,
2024-09-19 23:59:59.999000,1,,0.0005112474437627412,,,
2024-09-20 23:59:59.999000,0,,-0.0006836438215689356,,,
2024-09-21 23:59:59.999000,0,,-0.01087684069611794,,,
2024-09-22 23:59:59.999000,0,,-0.006813149378300132,,,
2024-09-23 23:59:59.999000,1,,0.009919616897554384,,,
2024-09-24 23:59:59.999000,0,,-0.0038910505836575737,,,
2024-09-25 23:59:59.999000,1,,0.05264963128108402,,,
2024-09-26 23:59:59.999000,1,,0.08585944115156652,,,
2024-09-27 23:59:59.999000,1,,0.03838315217391308,,,
2024-09-28 23:59:59.999000,0,,-0.027859237536656867,,,
2024-09-29 23:59:59.999000,0,,-0.16048034934497812,,,
2024-09-30 23:59:59.999000,0,,-0.14671246319921494,,,
2024-10-01 23:59:59.999000,0,,-0.10507792860734033,,,
2024-10-02 23:59:59.999000,0,,-0.01653353148801784,,,
2024-10-03 23:59:59.999000,1,,0.02281004408663967,,,
2024-10-04 23:59:59.999000,0,,-0.010112359550561889,,,
2024-10-05 23:59:59.999000,1,,0.003022289384208676,,,
2024-10-06 23:59:59.999000,0,,-0.017053973013493207,,,
2024-10-07 23:59:59.999000,1,,0.003594400302686429,,,
2024-10-08 23:59:59.999000,1,,0.014689265536723006,,,
2024-10-09 23:59:59.999000,1,,0.028217349857006635,,,
2024-10-10 23:59:59.999000,1,,0.003016022620169645,,,
2024-10-11 23:59:59.999000,1,,0.017631774313288995,,,
2024-10-12 23:59:59.999000,1,,0.004450213239384215,,,
2024-10-13 23:59:59.999000,1,,0.03025747040030069,,,
2024-10-14 23:59:59.999000,0,,-0.0076600401240196625,,,
2024-10-15 23:59:59.999000,1,,0.008860993169651055,,,
2024-10-16 23:59:59.999000,0,,-0.007661437431594309,,,
2024-10-17 23:59:59.999000,1,,0.007535379525822394,,,
2024-10-18 23:59:59.999000,0,,-0.002927721866422539,,,
2024-10-19 23:59:59.999000,0,,-0.018566176470588225,,,
2024-10-20 23:59:59.999000,0,,-0.04086099963516965,,,
2024-10-21 23:59:59.999000,0,,-0.023674068636447054,,,
2024-10-22 23:59:59.999000,0,,-0.05937441468439797,,,
2024-10-23 23:59:59.999000,0,,-0.02358311144922043,,,
2024-10-24 23:59:59.999000,0,,-0.02857142857142858,,,
2024-10-25 23:59:59.999000,1,,0.03444842692154526,,,
2024-10-26 23:59:59.999000,1,,0.029216984807167945,,,
2024-10-27 23:59:59.999000,1,,0.011803405572755388,,,
2024-10-28 23:59:59.999000,0,,-0.019249278152069338,,,
2024-10-29 23:59:59.999000,0,,-0.028955336866010595,,,
2024-10-30 23:59:59.999000,0,,-0.024096385542168752,,,
2024-10-31 23:59:59.999000,0,,-0.012757605495583801,,,
2024-11-01 23:59:59.999000,0,,-0.018709803157279437,,,
2024-11-02 23:59:59.999000,1,,0.007250636880266503,,,
2024-11-03 23:59:59.999000,1,,0.07713717693836974,,,
2024-11-04 23:59:59.999000,1,,0.10347567030784521,,,
2024-11-05 23:59:59.999000,1,,0.07723735408560306,,,
2024-11-06 23:59:59.999000,1,,0.03229974160206739,,,
2024-11-07 23:59:59.999000,1,,0.05903527717782597,,,
2024-11-08 23:59:59.999000,1,,0.12100415387393904,,,
2024-11-09 23:59:59.999000,1,,0.2587162524584301,,,
2024-11-10 23:59:59.999000,1,,0.1723317471108088,,,
2024-11-11 23:59:59.999000,1,,0.24633478330916692,,,
2024-11-12 23:59:59.999000,1,,0.26732954545454546,,,
2024-11-13 23:59:59.999000,1,,0.6249637576109017,,,
2024-11-14 23:59:59.999000,1,,0.3628490175801449,,,
2024-11-15 23:59:59.999000,1,,0.24826272136292293,,,
2024-11-16 23:59:59.999000,0,,-0.018378089035596346,,,
2024-11-17 23:59:59.999000,1,,0.047235132315280426,,,
2024-11-18 23:59:59.999000,1,,0.1196911196911199,,,
2024-11-19 23:59:59.999000,1,,0.3383622648368625,,,
2024-11-20 23:59:59.999000,1,,0.3300425686079158,,,
2024-11-21 23:59:59.999000,1,,0.14923817161186848,,,
2024-11-22 23:59:59.999000,0,,-0.03965774820046175,,,
2024-11-23 23:59:59.999000,0,,-0.04773578481443641,,,
2024-11-24 23:59:59.999000,1,,0.02546926243807124,,,
2024-11-25 23:59:59.999000,1,,0.09043982463583666,,,
2024-11-26 23:59:59.999000,1,,0.2876144164759724,,,
2024-11-27 23:59:59.999000,1,,0.3277762656505172,,,
2024-11-28 23:59:59.999000,1,,0.487387328966993,,,
2024-11-29 23:59:59.999000,1,,0.5131067421970454,,,
2024-11-30 23:59:59.999000,1,,0.2864244349920566,,,
2024-12-01 23:59:59.999000,1,,0.027771722544360777,,,
2024-12-02 23:59:59.999000,0,,-0.17614241145164244,,,
2024-12-03 23:59:59.999000,0,,-0.03366265636204291,,,
2024-12-04 23:59:59.999000,1,,0.10710952744549074,,,
2024-12-05 23:59:59.999000,1,,0.1589147286821706,,,
2024-12-06 23:59:59.999000,0,,-0.08793338005524176,,,
2024-12-07 23:59:59.999000,0,,-0.09157438982336497,,,
2024-12-08 23:59:59.999000,0,,-0.07965248145158199,,,
2024-12-09 23:59:59.999000,1,,0.05695172663171211,,,
2024-12-10 23:59:59.999000,1,,0.021426462524779755,,,
2024-12-11 23:59:59.999000,1,,0.002673238377678633,,,
2024-12-12 23:59:59.999000,1,,0.046399247348614336,,,
2024-12-13 23:59:59.999000,1,,0.02576702316554491,,,
2024-12-14 23:59:59.999000,1,,0.06948552384919804,,,
2024-12-15 23:59:59.999000,0,,-0.05582573868977081,,,
2024-12-16 23:59:59.999000,0,,-0.09866752546193802,,,
2024-12-17 23:59:59.999000,0,,-0.11218011140108275,,,
2024-12-18 23:59:59.999000,0,,-0.03129463706012203,,,
2024-12-19 23:59:59.999000,0,,-0.016033943724877098,,,
2024-12-20 23:59:59.999000,0,,-0.007721668933444614,,,
2024-12-21 23:59:59.999000,1,,0.038337801608579136,,,
2024-12-22 23:59:59.999000,1,,0.04275793200490208,,,
2024-12-23 23:59:59.999000,0,,-0.04677897157005784,,,
2024-12-24 23:59:59.999000,0,,-0.07625441087873308,,,
2024-12-25 23:59:59.999000,0,,-0.04918817742567361,,,
2024-12-26 23:59:59.999000,0,,-0.028619138178950787,,,
2024-12-27 23:59:59.999000,0,,-0.04094847666076584,,,
2024-12-28 23:59:59.999000,0,,-0.04610172595339457,,,
2024-12-29 23:59:59.999000,1,,0.11393372170757354,,,
2024-12-30 23:59:59.999000,1,,0.16695001700102008,,,
2024-12-31 23:59:59.999000,1,0.0,0.17810520253407547,0.42325473,"(0.0, 0.5]",0.0
2025-01-01 23:59:59.999999,1,0.0,0.03742283950617287,0.1998117,"(0.0, 0.5]",0.0
2025-01-02 23:59:59.999999,0,0.0,-0.0012487512487513452,0.46135244,"(0.0, 0.5]",0.0
2025-01-03 23:59:59.999999,0,1.0,-0.014136146983338094,0.53309584,"(0.5, 0.7]",0.0
2025-01-04 23:59:59.999999,0,0.0,-0.061526383207305635,0.29330015,"(0.0, 0.5]",0.0
2025-01-05 23:59:59.999999,0,1.0,-0.010961073601733817,0.57573277,"(0.5, 0.7]",0.0
2025-01-06 23:59:59.999999,0,0.0,-0.0610743801652891,0.231184,"(0.0, 0.5]",0.0
2025-01-07 23:59:59.999999,1,0.0,0.030908770693906407,0.3928623,"(0.0, 0.5]",0.0
2025-01-08 23:59:59.999999,1,0.0,0.0856685348278623,0.39671686,"(0.0, 0.5]",0.0
2025-01-09 23:59:59.999999,1,1.0,0.10227972889710402,0.7199621,"(0.7, 0.9]",1.0
2025-01-10 23:59:59.999999,1,0.0,0.07764585290851622,0.40591356,"(0.0, 0.5]",0.0
2025-01-11 23:59:59.999999,1,0.0,0.035281788542151915,0.37609273,"(0.0, 0.5]",0.0
2025-01-12 23:59:59.999999,1,1.0,0.25485107402379636,0.51458055,"(0.5, 0.7]",0.0
2025-01-13 23:59:59.999999,1,0.0,0.2861049461001901,0.22403215,"(0.0, 0.5]",0.0
2025-01-14 23:59:59.999999,1,0.0,0.23428185805871093,0.25427917,"(0.0, 0.5]",0.0
2025-01-15 23:59:59.999999,1,0.0,0.04034490438766736,0.3969566,"(0.0, 0.5]",0.0
2025-01-16 23:59:59.999999,0,0.0,-0.0882561400265015,0.2939083,"(0.0, 0.5]",0.0
2025-01-17 23:59:59.999999,0,0.0,-0.0567705485693456,0.44953975,"(0.0, 0.5]",0.0
2025-01-18 23:59:59.999999,0,1.0,-0.02932990794262469,0.86633486,"(0.7, 0.9]",1.0
2025-01-19 23:59:59.999999,1,1.0,0.07489775915097852,0.8883649,"(0.7, 0.9]",1.0
2025-01-20 23:59:59.999999,1,1.0,0.0045406240942904574,0.7575329,"(0.7, 0.9]",1.0
2025-01-21 23:59:59.999999,0,1.0,-0.02296931123574253,0.65477157,"(0.5, 0.7]",0.0
2025-01-22 23:59:59.999999,0,0.0,-0.02273370436751243,0.3618741,"(0.0, 0.5]",0.0
2025-01-23 23:59:59.999999,0,1.0,-0.031127780983522535,0.8997117,"(0.7, 0.9]",1.0
2025-01-24 23:59:59.999999,0,1.0,-0.014737656809313493,0.84595037,"(0.7, 0.9]",1.0
2025-01-25 23:59:59.999999,0,1.0,-0.016344916344916416,0.75548774,"(0.7, 0.9]",1.0
2025-01-26 23:59:59.999999,1,1.0,0.015220196539059705,0.82707477,"(0.7, 0.9]",1.0
2025-01-27 23:59:59.999999,1,1.0,0.023697302958889832,0.7487388,"(0.7, 0.9]",1.0
2025-01-28 23:59:59.999999,0,1.0,-0.006901740154389713,0.75079036,"(0.7, 0.9]",1.0
2025-01-29 23:59:59.999999,0,0.0,-0.06208649740898864,0.061373066,"(0.0, 0.5]",0.0
2025-01-30 23:59:59.999999,0,0.0,-0.1750863281749585,0.06335919,"(0.0, 0.5]",0.0
2025-01-31 23:59:59.999999,0,0.0,-0.11066829155824898,0.26009324,"(0.0, 0.5]",0.0
2025-02-01 23:59:59.999999,0,0.0,-0.12175967753144767,0.41932938,"(0.0, 0.5]",0.0
2025-02-02 23:59:59.999999,0,0.0,-0.07713178294573653,0.41143498,"(0.0, 0.5]",0.0
2025-02-03 23:59:59.999999,0,1.0,-0.13892078071182545,0.51931655,"(0.5, 0.7]",0.0
2025-02-04 23:59:59.999999,0,1.0,-0.05167365672232349,0.7612018,"(0.7, 0.9]",1.0
2025-02-05 23:59:59.999999,1,1.0,0.01595968080638399,0.97243845,"(0.9, 1.0]",1.0
2025-02-06 23:59:59.999999,1,1.0,0.029161290322580413,0.96226007,"(0.9, 1.0]",1.0
2025-02-07 23:59:59.999999,1,1.0,0.01122329773030728,0.9355985,"(0.9, 1.0]",1.0
2025-02-08 23:59:59.999999,0,1.0,-0.0024390243902439046,0.8927491,"(0.7, 0.9]",1.0
2025-02-09 23:59:59.999999,1,1.0,0.0336843864928118,0.88624203,"(0.7, 0.9]",1.0
2025-02-10 23:59:59.999999,1,1.0,0.05619507364772858,0.8986688,"(0.7, 0.9]",1.0
2025-02-11 23:59:59.999999,1,1.0,0.13480585139447188,0.9585916,"(0.9, 1.0]",1.0
2025-02-12 23:59:59.999999,1,1.0,0.11664106088784676,0.80680335,"(0.7, 0.9]",1.0
2025-02-13 23:59:59.999999,1,1.0,0.06578381968045632,0.82852006,"(0.7, 0.9]",1.0
2025-02-14 23:59:59.999999,0,1.0,-0.02866637452527021,0.8672879,"(0.7, 0.9]",1.0
2025-02-15 23:59:59.999999,0,1.0,-0.07208805532423324,0.8602873,"(0.7, 0.9]",1.0
2025-02-16 23:59:59.999999,1,1.0,0.0034820217717992374,0.9184545,"(0.9, 1.0]",1.0
2025-02-17 23:59:59.999999,1,1.0,0.01045152073386224,0.97097033,"(0.9, 1.0]",1.0
2025-02-18 23:59:59.999999,1,1.0,0.003628843452473607,0.9668114,"(0.9, 1.0]",1.0
2025-02-19 23:59:59.999999,0,1.0,-0.05982905982905984,0.8777266,"(0.7, 0.9]",1.0
2025-02-20 23:59:59.999999,0,1.0,-0.041448078282546486,0.93188053,"(0.9, 1.0]",1.0
2025-02-21 23:59:59.999999,0,1.0,-0.11422572994829117,0.9453493,"(0.9, 1.0]",1.0
2025-02-22 23:59:59.999999,0,1.0,-0.09782439782439778,0.9374073,"(0.9, 1.0]",1.0
2025-02-23 23:59:59.999999,0,1.0,-0.14676085859566046,0.93757236,"(0.9, 1.0]",1.0
2025-02-24 23:59:59.999999,0,1.0,-0.03502611596365712,0.94322973,"(0.9, 1.0]",1.0
2025-02-25 23:59:59.999999,0,1.0,-0.07617776246662644,0.9361098,"(0.9, 1.0]",1.0
2025-02-26 23:59:59.999999,0,1.0,-0.003002456555363353,0.95982176,"(0.9, 1.0]",1.0
2025-02-27 23:59:59.999999,1,1.0,0.3370934728223789,0.9661289,"(0.9, 1.0]",1.0
2025-02-28 23:59:59.999999,1,1.0,0.11280473593436824,0.9638541,"(0.9, 1.0]",1.0
2025-03-01 23:59:59.999999,1,1.0,0.11986676400803042,0.9368905,"(0.9, 1.0]",1.0
2025-03-02 23:59:59.999999,0,1.0,-0.14961219213498433,0.8666965,"(0.7, 0.9]",1.0
2025-03-03 23:59:59.999999,1,1.0,0.08913835713986495,0.90715516,"(0.9, 1.0]",1.0
2025-03-04 23:59:59.999999,0,1.0,-0.0280324328729169,0.8734452,"(0.7, 0.9]",1.0
2025-03-05 23:59:59.999999,0,1.0,-0.06948555884470764,0.9361126,"(0.9, 1.0]",1.0
2025-03-06 23:59:59.999999,0,1.0,-0.1774547132802584,0.8924956,"(0.7, 0.9]",1.0
2025-03-07 23:59:59.999999,0,1.0,-0.15254663592538253,0.95950824,"(0.9, 1.0]",1.0
2025-03-08 23:59:59.999999,0,1.0,-0.06663514036369877,0.95976806,"(0.9, 1.0]",1.0
2025-03-09 23:59:59.999999,1,1.0,0.04717819235984466,0.9540161,"(0.9, 1.0]",1.0
2025-03-10 23:59:59.999999,1,1.0,0.11431539374752675,0.96477336,"(0.9, 1.0]",1.0
2025-03-11 23:59:59.999999,1,1.0,0.08534844088250182,0.93950033,"(0.9, 1.0]",1.0
2025-03-12 23:59:59.999999,1,1.0,0.06764600821575284,0.8904798,"(0.7, 0.9]",1.0
2025-03-13 23:59:59.999999,1,1.0,0.01824477293913973,0.8921808,"(0.7, 0.9]",1.0
2025-03-14 23:59:59.999999,0,1.0,-0.007723646240027082,0.91793555,"(0.9, 1.0]",1.0
2025-03-15 23:59:59.999999,0,1.0,-0.04433106101794149,0.9245347,"(0.9, 1.0]",1.0
2025-03-16 23:59:59.999999,1,1.0,0.11034091899904075,0.88378966,"(0.7, 0.9]",1.0
2025-03-17 23:59:59.999999,1,1.0,0.04186981438713544,0.917601,"(0.9, 1.0]",1.0
2025-03-18 23:59:59.999999,1,1.0,0.04192376701238465,0.94269294,"(0.9, 1.0]",1.0
2025-03-19 23:59:59.999999,0,1.0,-0.06902508932427642,0.91459227,"(0.9, 1.0]",1.0
2025-03-20 23:59:59.999999,1,1.0,0.0013135749763966142,0.8880544,"(0.7, 0.9]",1.0
2025-03-21 23:59:59.999999,1,1.0,0.029064639422067273,0.8755807,"(0.7, 0.9]",1.0
2025-03-22 23:59:59.999999,1,1.0,0.03293829867993736,0.93810564,"(0.9, 1.0]",1.0
2025-03-23 23:59:59.999999,0,1.0,-0.03685483540359924,0.97860396,"(0.9, 1.0]",1.0
2025-03-24 23:59:59.999999,0,1.0,-0.04452879474307159,0.7246067,"(0.7, 0.9]",1.0
2025-03-25 23:59:59.999999,0,1.0,-0.09876694430834554,0.8955006,"(0.7, 0.9]",1.0
2025-03-26 23:59:59.999999,0,1.0,-0.09121477824125312,0.8653984,"(0.7, 0.9]",1.0
2025-03-27 23:59:59.999999,0,1.0,-0.08718496369073059,0.8353992,"(0.7, 0.9]",1.0
2025-03-28 23:59:59.999999,0,1.0,-0.05318715172382549,0.9380554,"(0.9, 1.0]",1.0
2025-03-29 23:59:59.999999,1,1.0,0.0016861036953772501,0.93938166,"(0.9, 1.0]",1.0
2025-03-30 23:59:59.999999,0,1.0,-0.05297393420375307,0.9233756,"(0.9, 1.0]",1.0
2025-03-31 23:59:59.999999,0,1.0,-0.012010144026029956,0.944122,"(0.9, 1.0]",1.0
2025-04-01 23:59:59.999999,0,1.0,-0.003974376957965209,0.93508375,"(0.9, 1.0]",1.0
2025-04-02 23:59:59.999999,1,1.0,0.059544398873350834,0.96295905,"(0.9, 1.0]",1.0
2025-04-03 23:59:59.999999,0,1.0,-0.0692561022859357,0.9298798,"(0.9, 1.0]",1.0
2025-04-04 23:59:59.999999,0,1.0,-0.10867524176133692,0.91014874,"(0.9, 1.0]",1.0
2025-04-05 23:59:59.999999,0,1.0,-0.16225165562913912,0.8539476,"(0.7, 0.9]",1.0
2025-04-06 23:59:59.999999,1,1.0,0.06821729628473316,0.95687497,"(0.9, 1.0]",1.0
2025-04-07 23:59:59.999999,1,1.0,0.03533996945278339,0.97493714,"(0.9, 1.0]",1.0
2025-04-08 23:59:59.999999,1,1.0,0.12592551355564208,0.96392107,"(0.9, 1.0]",1.0
2025-04-09 23:59:59.999999,1,1.0,0.0520726776754834,0.83379364,"(0.7, 0.9]",1.0
2025-04-10 23:59:59.999999,1,1.0,0.07823786753484585,0.90426743,"(0.9, 1.0]",1.0
2025-04-11 23:59:59.999999,1,1.0,0.05191594561186652,0.8497236,"(0.7, 0.9]",1.0
2025-04-12 23:59:59.999999,0,1.0,-0.035003241040837185,0.88359416,"(0.7, 0.9]",1.0
2025-04-13 23:59:59.999999,0,1.0,-0.017078694093225155,0.89462346,"(0.7, 0.9]",1.0
2025-04-14 23:59:59.999999,0,1.0,-0.028296122209165664,0.8939781,"(0.7, 0.9]",1.0
2025-04-15 23:59:59.999999,0,1.0,-0.010699548987621155,0.97008866,"(0.9, 1.0]",1.0
2025-04-16 23:59:59.999999,1,1.0,0.002063933954113306,0.9359715,"(0.9, 1.0]",1.0
2025-04-17 23:59:59.999999,1,1.0,0.0055144391234944745,0.974319,"(0.9, 1.0]",1.0
2025-04-18 23:59:59.999999,1,1.0,0.01144575391629088,0.93852043,"(0.9, 1.0]",1.0
2025-04-19 23:59:59.999999,1,1.0,0.06044929827082446,0.9416636,"(0.9, 1.0]",1.0
2025-04-20 23:59:59.999999,1,1.0,0.06720546495405788,0.95615673,"(0.9, 1.0]",1.0
2025-04-21 23:59:59.999999,1,1.0,0.05725245744425789,0.943115,"(0.9, 1.0]",1.0
2025-04-22 23:59:59.999999,0,1.0,-0.014770314829034792,0.82449967,"(0.7, 0.9]",1.0
2025-04-23 23:59:59.999999,0,1.0,-0.012261089073206,0.9479467,"(0.9, 1.0]",1.0
2025-04-24 23:59:59.999999,1,1.0,0.021361512993786524,0.7712,"(0.7, 0.9]",1.0
2025-04-25 23:59:59.999999,1,1.0,0.052127269392994835,0.92497283,"(0.9, 1.0]",1.0
2025-04-26 23:59:59.999999,1,1.0,0.021358159912376884,0.66848207,"(0.5, 0.7]",0.0
2025-04-27 23:59:59.999999,0,1.0,-0.027175843694493773,0.57855463,"(0.5, 0.7]",0.0
2025-04-28 23:59:59.999999,0,1.0,-0.035992853719116424,0.56514543,"(0.5, 0.7]",0.0
2025-04-29 23:59:59.999999,0,1.0,-0.012823949955317326,0.5926954,"(0.5, 0.7]",0.0
2025-04-30 23:59:59.999999,0,1.0,-0.0016432353478181838,0.94609416,"(0.9, 1.0]",1.0
2025-05-01 23:59:59.999999,0,1.0,-0.025448628124576156,0.86336803,"(0.7, 0.9]",1.0
2025-05-02 23:59:59.999999,0,1.0,-0.0356221427601503,0.7394868,"(0.7, 0.9]",1.0
2025-05-03 23:59:59.999999,0,1.0,-0.014722019019751231,0.840746,"(0.7, 0.9]",1.0
2025-05-04 23:59:59.999999,0,1.0,-0.013682745825603027,0.79232895,"(0.7, 0.9]",1.0
2025-05-05 23:59:59.999999,1,1.0,0.09227447667323774,0.85957694,"(0.7, 0.9]",1.0
2025-05-06 23:59:59.999999,1,0.0,0.08765661252900236,0.40536222,"(0.0, 0.5]",0.0
2025-05-07 23:59:59.999999,1,1.0,0.16205031742299547,0.77842903,"(0.7, 0.9]",1.0
2025-05-08 23:59:59.999999,1,0.0,0.017102096940529332,0.37731692,"(0.0, 0.5]",0.0
2025-05-09 23:59:59.999999,1,1.0,0.08532787234950279,0.80476177,"(0.7, 0.9]",1.0
2025-05-10 23:59:59.999999,1,1.0,0.045243009186192396,0.6546731,"(0.5, 0.7]",0.0
2025-05-11 23:59:59.999999,1,1.0,0.07743979721166028,0.64050144,"(0.5, 0.7]",0.0
2025-05-12 23:59:59.999999,0,1.0,-0.06222728880852224,0.82093513,"(0.7, 0.9]",1.0
2025-05-13 23:59:59.999999,0,0.0,-0.07863254481396886,0.23648854,"(0.0, 0.5]",0.0
2025-05-14 23:59:59.999999,0,1.0,-0.07732423636434926,0.6140965,"(0.5, 0.7]",0.0
2025-05-15 23:59:59.999999,1,0.0,0.01777330650570086,0.4071482,"(0.0, 0.5]",0.0
2025-05-16 23:59:59.999999,1,0.0,0.00021010168921775652,0.25953072,"(0.0, 0.5]",0.0
2025-05-17 23:59:59.999999,1,0.0,0.0014449024690834644,0.44531402,"(0.0, 0.5]",0.0
2025-05-18 23:59:59.999999,0,1.0,-0.013509060955518959,0.6148756,"(0.5, 0.7]",0.0
2025-05-19 23:59:59.999999,1,1.0,0.02134184766626035,0.82268894,"(0.7, 0.9]",1.0
2025-05-20 23:59:59.999999,0,1.0,-0.025419053681306925,0.7929239,"(0.7, 0.9]",1.0
2025-05-21 23:59:59.999999,0,1.0,-0.027095858383433646,0.88706654,"(0.7, 0.9]",1.0
2025-05-22 23:59:59.999999,0,1.0,-0.03677347702686029,0.5218994,"(0.5, 0.7]",0.0
2025-05-23 23:59:59.999999,1,1.0,0.005965340067926261,0.6146869,"(0.5, 0.7]",0.0
2025-05-24 23:59:59.999999,0,0.0,-0.005793245504870481,0.42310306,"(0.0, 0.5]",0.0
2025-05-25 23:59:59.999999,0,0.0,-0.0288252124524917,0.23392037,"(0.0, 0.5]",0.0
2025-05-26 23:59:59.999999,0,1.0,-0.028611002900056137,0.7833647,"(0.7, 0.9]",1.0
2025-05-27 23:59:59.999999,0,0.0,-0.07639848066298349,0.34997824,"(0.0, 0.5]",0.0
2025-05-28 23:59:59.999999,0,1.0,-0.044147392489666704,0.9119427,"(0.9, 1.0]",1.0
2025-05-29 23:59:59.999999,0,1.0,-0.028963550485696654,0.90746194,"(0.9, 1.0]",1.0
2025-05-30 23:59:59.999999,1,1.0,0.02649780353304032,0.95746595,"(0.9, 1.0]",1.0
2025-05-31 23:59:59.999999,1,1.0,0.032569693624068474,0.91115,"(0.9, 1.0]",1.0
2025-06-01 23:59:59.999999,1,1.0,0.009957782672540327,0.9542593,"(0.9, 1.0]",1.0
2025-06-02 23:59:59.999999,0,1.0,-0.046847256999772324,0.91845584,"(0.9, 1.0]",1.0
2025-06-03 23:59:59.999999,0,1.0,-0.03777955983248682,0.869178,"(0.7, 0.9]",1.0
2025-06-04 23:59:59.999999,0,1.0,-0.010904629924122,0.9129054,"(0.9, 1.0]",1.0
2025-06-05 23:59:59.999999,1,1.0,0.0828238440962934,0.958833,"(0.9, 1.0]",1.0
2025-06-06 23:59:59.999999,1,1.0,0.07468284100379652,0.91187173,"(0.9, 1.0]",1.0
2025-06-07 23:59:59.999999,1,1.0,0.05994763195369557,0.9310122,"(0.9, 1.0]",1.0
2025-06-08 23:59:59.999999,1,1.0,0.0014997794441993229,0.7839312,"(0.7, 0.9]",1.0
2025-06-09 23:59:59.999999,0,1.0,-0.056524923527637605,0.8626152,"(0.7, 0.9]",1.0
2025-06-10 23:59:59.999999,0,1.0,-0.06942879431394633,0.91407263,"(0.9, 1.0]",1.0
2025-06-11 23:59:59.999999,0,1.0,-0.0576990838618745,0.945656,"(0.9, 1.0]",1.0
2025-06-12 23:59:59.999999,0,1.0,-0.01114206128133699,0.92408925,"(0.9, 1.0]",1.0
2025-06-13 23:59:59.999999,1,1.0,0.04228763040238448,0.9278249,"(0.9, 1.0]",1.0
2025-06-14 23:59:59.999999,1,1.0,0.009161447134710565,0.91774535,"(0.9, 1.0]",1.0
2025-06-15 23:59:59.999999,1,1.0,0.0023089355806973355,0.9270193,"(0.9, 1.0]",1.0
2025-06-16 23:59:59.999999,0,1.0,-0.032707774798927614,0.92271453,"(0.9, 1.0]",1.0
2025-06-17 23:59:59.999999,0,1.0,-0.01834182491894376,0.88064474,"(0.7, 0.9]",1.0
2025-06-18 23:59:59.999999,0,1.0,-0.049435613913844656,0.9281319,"(0.9, 1.0]",1.0
2025-06-19 23:59:59.999999,0,1.0,-0.06818181818181823,0.95472246,"(0.9, 1.0]",1.0
2025-06-20 23:59:59.999999,1,1.0,0.018401434368217284,0.9684705,"(0.9, 1.0]",1.0
2025-06-21 23:59:59.999999,1,1.0,0.06136099263280337,0.9460153,"(0.9, 1.0]",1.0
2025-06-22 23:59:59.999999,1,1.0,0.08363077533214369,0.95939213,"(0.9, 1.0]",1.0
2025-06-23 23:59:59.999999,0,1.0,-0.024555226093402438,0.84975034,"(0.7, 0.9]",1.0
2025-06-24 23:59:59.999999,0,1.0,-0.021874143757420694,0.7471027,"(0.7, 0.9]",1.0
2025-06-25 23:59:59.999999,0,1.0,-0.00022873873461737304,0.82381284,"(0.7, 0.9]",1.0
2025-06-26 23:59:59.999999,1,1.0,0.04782939108957929,0.9751363,"(0.9, 1.0]",1.0
